<?xml version="1.0" encoding="UTF-8" standalone="yes"?>
<addon id="repository.20ap" name="20ap" version="20.03.26" provider-name="Enzo">
    <extension point="xbmc.addon.repository" name="20ap">
        <dir>
            <info compressed="false">https://raw.githubusercontent.com/PiDiaries/repository.mpd/master/zips/addons.xml</info>
            <checksum>https://raw.githubusercontent.com/PiDiaries/repository.mpd/master/zips/addons.xml.md5</checksum>
            <datadir zip="true">https://raw.githubusercontent.com/PiDiaries/repository.mpd/master/zips/</datadir>
        </dir>
        <dir>
            <info compressed="false">https://raw.githubusercontent.com/teamuniversal/scrapers/master/_modules4all/zips/addons.xml</info>
            <checksum>https://raw.githubusercontent.com/teamuniversal/scrapers/master/_modules4all/zips/addons.xml.md5</checksum>
            <datadir zip="true">https://raw.githubusercontent.com/teamuniversal/scrapers/master/_modules4all/zips/</datadir>
        </dir>
        <dir>
            <info compressed="false">https://raw.githubusercontent.com/jenaddon/repository.jenrepo/master/zips/addons.xml</info>
            <checksum>https://raw.githubusercontent.com/jenaddon/repository.jenrepo/master/zips/addons.xml.md5</checksum>
            <datadir zip="true">https://raw.githubusercontent.com/jenaddon/repository.jenrepo/master/zips/</datadir>
            <hashes>false</hashes>
        </dir>
        <dir>
            <info compressed="false">https://raw.githubusercontent.com/teamuniversal/scrapers/master/_modules4all/zips/addons.xml</info>
            <checksum>https://raw.githubusercontent.com/teamuniversal/scrapers/master/_modules4all/zips/addons.xml.md5</checksum>
            <datadir zip="true">https://raw.githubusercontent.com/teamuniversal/scrapers/master/_modules4all/zips/</datadir>
        </dir>
        <dir>
            <info compressed="false">https://raw.githubusercontent.com/Gujal00/smrzips/master/addons.xml</info>
            <checksum>https://raw.githubusercontent.com/Gujal00/smrzips/master/addons.xml.md5</checksum>
            <datadir zip="true">https://raw.githubusercontent.com/Gujal00/smrzips/master/zips/</datadir>
        </dir>
        <info compressed="false">https://raw.githubusercontent.com/Johnstonevo/20ap/master/zips/addons.xml</info>
        <checksum>https://raw.githubusercontent.com/Johnstonevo/20ap/master/zips/addons.xml.md5</checksum>
        <datadir zip="true">https://raw.githubusercontent.com/Johnstonevo/20ap/master/zips/</datadir>

    </extension>
    <extension point="xbmc.addon.metadata">
        <summary lang="en">Our Own Repo</summary>
        <description lang="en">Repo for our own stuff</description>
        <genre>comedy,documentary,movies,music,sports,uk</genre>
        <platform>all</platform>
    </extension>
</addon>
