<?xml version="1.0" encoding="UTF-8" standalone="yes"?>
    <addon id="repository.arda" name="Arda Repository" version="2022.07.26" provider-name="Irmu">
        <requires>
            <import addon="xbmc.addon" version="12.0.0"/>
        </requires>
        <extension point="xbmc.addon.repository" name="Arda Repository">
            <info compressed="false">https://raw.githubusercontent.com/irmu/arda/master/_zips/addons.xml</info>
            <checksum>https://raw.githubusercontent.com/irmu/arda/master/_zips/addons.xml.md5</checksum>
            <datadir zip="true">https://raw.githubusercontent.com/irmu/arda/master/_zips/</datadir>
            <hashes>false</hashes>
        </extension>
        <extension point="xbmc.addon.metadata">
            <summary>Arda Repository</summary>
            <description>Arda where all things KODI reside</description>
            <platform>all</platform>
            <genre>movies,usa</genre>
        </extension>
    </addon>