{
  "id": "123pelis",
  "name": "123Pelis",
  "force_unify": true,
  "thumbnail":"https://123pelis.fun/wp-content/uploads/2019/11/123PELIS-LOGO-1.png",
  "banner":"",
  "active": true,
  "adult": false,
  "language": ["cast", "lat"],
  "version": 1,
  "categories": [
    "movie",
    "vos"
  ],
  "settings": [
    {
      "id": "filter_languages",
      "type": "list",
      "label": "Mostrar enlaces en idioma...",
      "default": 0,
      "enabled": true,
      "visible": true,
      "lvalues": [
        "No filtrar",
        "CAST",
        "LAT",
        "VOSE"
      ]
    }
  ]

}
