{
  "id": "bloghorror",
  "name": "BlogHorror",
  "force_unify": true,
  "active": true,
  "adult": false,
  "language": [],
  "thumbnail": "https://i.postimg.cc/gcgQhKTL/2018-10-10_20_34_57-_Peliculas_de_Terror_BLOGHORROR.png",
  "banner": "",
  "categories": [
    "movie",
    "vos",
    "torrent"
  ],
  "settings": [
    {
      "id": "include_in_global_search",
      "type": "bool",
      "label": "Incluir en busqueda global",
      "default": false,
      "enabled": false,
      "visible": false
    },
    {
      "id": "include_in_newest_peliculas",
      "type": "bool",
      "label": "Incluir en Novedades - Peliculas",
      "default": true,
      "enabled": true,
      "visible": true
    },
    {
      "id": "include_in_newest_torrent",
      "type": "bool",
      "label": "Incluir en Novedades - Torrent",
      "default": true,
      "enabled": true,
      "visible": true
    },
    {
      "id": "include_in_newest_terror",
      "type": "bool",
      "label": "Incluir en Novedades - terror",
      "default": true,
      "enabled": true,
      "visible": true
    }
  ]
}
