{
    "id": "cuevana2",
    "name": "Cuevana2",
    "active": true,
    "adult": false,
    "language": [],
    "thumbnail": "cuevana2.png",
    "categories": [
        "movie",
        "tvshow",
        "vos"
    ],
    "settings": [
        {
          "id": "modo_grafico",
          "type": "bool",
          "label": "Buscar información extra",
          "default": true,
          "enabled": true,
          "visible": true
        },
        {
        "id": "include_in_global_search",
        "type": "bool",
        "label": "Incluir en busqueda global",
        "default": false,
        "enabled": true,
        "visible": true
        }
    ]
}
