{
  "id": "seodiv",
  "name": "Seodiv",
  "active": true,
  "adult": false,
  "language": ["lat"],
  "thumbnail": "https://seodiv.com/templates/Ariana/images/logo.png",
  "banner": "",
  "categories": [
    "tvshow",
    "anime"
  ],
  "settings": [
    {
      "id": "filter_languages",
      "type": "list",
      "label": "Mostrar enlaces en idioma...",
      "default": 0,
      "enabled": true,
      "visible": true,
      "lvalues": [
        "No filtrar",
        "LAT"
      ]
    }
  ]
}