{
  "id": "streamporno",
  "name": "streamporno",
  "active": true,
  "adult": true,
  "language": ["*"],
  "thumbnail": "http://pornstreams.eu/wp-content/uploads/2015/12/faviiconeporn.png",
  "banner": "",
  "categories": [
    "adult"

  ],
  "settings": [
    {
      "id": "filter_languages",
      "type": "list",
      "label": "Mostrar enlaces en idioma...",
      "default": 0,
      "enabled": true,
      "visible": true,
      "lvalues": [
        "No filtrar"
      ]
    }
  ]
}

