{
  "id": "tucineclasico",
  "name": "TuCineClasico",
  "force_unify": true,
  "thumbnail":"http://www.online.tucineclasico.es/wp-content/uploads/2019/02/tcconline2.png",
  "banner":"",
  "active": true,
  "adult": false,
  "language": ["cast", "lat"],
  "version": 1,
  "categories": [
    "movie",
    "vos"
  ],
  "settings": [
    {
      "id": "filter_languages",
      "type": "list",
      "label": "Mostrar enlaces en idioma...",
      "default": 0,
      "enabled": true,
      "visible": true,
      "lvalues": [
        "No filtrar",
        "CAST",
        "VOSE"
      ]
    }
  ]

}
