{
    "id": "watchseries",
    "name": "WatchSeries",
    "active": true,
    "adult": false,
    "language": [],
    "thumbnail": "https://www2.watchmovie.io/img/icon/new-logo.png",
    "categories": [
    "movie",
    "tvshow",
    "vos"
    ],
    "settings":[
        {
          "id": "include_in_global_search",
          "type": "bool",
          "label": "Incluir en busqueda global",
          "default": false,
          "enabled": true,
          "visible": true
        }
    ]
}
