{
  "id": "xxxfreeinhd",
  "name": "xxxfreeinhd",
  "active": true,
  "adult": true,
  "language": ["*"],
  "thumbnail": "https://watchxxxfree.xyz/wp-content/uploads/2020/01/goo.png",
  "banner": "",
  "categories": [
    "adult"
  ],
  "settings": [
    {
      "id": "filter_languages",
      "type": "list",
      "label": "Mostrar enlaces en idioma...",
      "default": 0,
      "enabled": true,
      "visible": true,
      "lvalues": [
        "No filtrar"
      ]
    }
  ]
}

