<?xml version="1.0" encoding="UTF-8" standalone="yes"?>
<addon id="repository.arda" name="Arda Repository" version="2023.06.05b" provider-name="Irmu">
    <extension point="xbmc.addon.repository" name="Example Repository">
        <dir>
            <info compressed="false">https://raw.githubusercontent.com/irmu/arda/main/repo/zips/addons.xml</info>
            <checksum>https://raw.githubusercontent.com/irmu/arda/main/repo/zips/addons.xml.md5</checksum>
            <datadir zip="true">https://raw.githubusercontent.com/irmu/arda/main/repo/zips/</datadir>
        </dir>
    </extension>
    <extension point="xbmc.addon.metadata">
        <summary>Arda Repository</summary>
        <description>Arda where all things KODI reside</description>
        <disclaimer></disclaimer>
        <platform>all</platform>
        <assets>
            <icon>icon.png</icon>
            <fanart>fanart.jpg</fanart>
        </assets>
    </extension>
</addon>