<?xml version="1.0" encoding="UTF-8" standalone="yes"?>
<addon id="script.module.inputstreamhelper" name="InputStream Helper" version="0.5.4" provider-name="emilsvennesson, dagwieers, mediaminister, horstle">
  <requires>
    <!--py3 compliant-->
    <import addon="xbmc.python" version="2.25.0"/>
    <import addon="script.module.pysocks" version="1.6.8" optional="true"/>
  </requires>
  <!-- This is needed to get an add-on icon -->
  <extension point="xbmc.python.script" library="default.py">
    <provides>executable</provides>
  </extension>
  <extension point="xbmc.python.module" library="lib"/>
  <extension point="xbmc.addon.metadata">
    <summary lang="en_GB">Kodi InputStream and DRM playback made easy</summary>
    <summary lang="de_DE">Kodi InputStream und DRM Wiedergabe einfach gemacht</summary>
    <summary lang="el_GR">Βοηθός Inputstream για το Kodi και εύκολη αναπαραγωγή DRM</summary>
    <summary lang="fr_FR">La lecture Kodi InputStream et DRM en toute simplicité</summary>
    <summary lang="es_ES">Kodi InputStream y reproducción DRM echa fácil</summary>
    <description lang="en_GB">A simple Kodi module that makes life easier for add-on developers relying on InputStream based add-ons and DRM playback.</description>
    <description lang="de_DE">Dieses einfache Kodi-Modul macht das Leben für Addon Entwickler einfacher, die auf InputStream basierte Addons und DRM Wiedergabe angewiesen sind.</description>
    <description lang="el_GR">Μία απλή μονάδα για το Kodi η οποία διευκολύνει την ζωή των προγραμματιστών οι οποίοι εξαρτώνται από τα πρόσθετσ InputStream και αναπαραγωγή τύπου DRM.</description>
    <description lang="ru_RU">Простой модуль для Kodi, который облегчает жизнь разработчикам дополнений, с использованием InputStream дополнений и воспроизведения DRM контента.</description>
    <description lang="fr_FR">Un simple module Kodi qui simplifie la vie des développeurs de modules complémentaires en s’appuyant sur des modules complémentaires basés sur InputStream et sur la lecture de DRM.</description>
    <description lang="es_ES">Un módulo Kodi simple que hace la vida más fácil para los desarrolladores de complementos que dependen de complementos basados en InputStream y reproducción de DRM.</description>
    <news>
v0.5.4 (2021-05-27)
- Fix Widevine CDM installation on ARM hardware

v0.5.3 (2021-05-10)
- Temporary fix for Widevine CDM installation on ARM hardware
- Fix Widevine CDM installation on 32-bit Linux

v0.5.2 (2020-12-13)
- Update Chrome OS ARM hardware id's

v0.5.1 (2020-10-02)
- Fix incorrect ARM HWIDs: PHASER and PHASER360
- Added Hebrew translations
- Updated Dutch, Japanese and Korean translations

v0.5.0 (2020-06-25)
- Extract Widevine CDM directly from Chrome OS, minimizing disk space usage and eliminating the need for root access
- Improve progress dialog while extracting Widevine CDM on ARM devices
- Support resuming interrupted downloads on unreliable internet connections
- Reshape InputStream Helper information dialog
- Updated Dutch, English, French, German, Greek, Hungarian, Romanian, Russian, Spanish and Swedish translations
    </news>
    <platform>all</platform>
    <license>MIT</license>
    <website>https://github.com/emilsvennesson/script.module.inputstreamhelper/wiki</website>
    <source>https://github.com/emilsvennesson/script.module.inputstreamhelper</source>
    <assets>
      <icon>resources/icon.png</icon>
    </assets>
  </extension>
</addon>
