<?xml version="1.0" encoding="UTF-8" standalone="yes"?>
<addon id="plugin.video.thecrew" version="0.0.50" name="[COLOR deeppink]THE CREW[/COLOR]" provider-name="The Crew">
    <requires>
        <import addon="xbmc.python" version="2.19.0" />
        <import addon="script.module.thecrew" />
        <import addon="script.thecrew.artwork" />
        <import addon="script.thecrew.metadata" />
        <import addon="script.module.resolveurl" />
        <import addon="script.module.metahandler" version="1.0.0" />
        <import addon="plugin.video.youtube" />
        <import addon="script.crew.sports" />
        <import addon="script.module.inputstreamhelper" version="0.3.3"/>
    </requires>
    <extension point="xbmc.python.pluginsource" library="thecrew.py">
        <provides>video</provides>
    </extension>
    <extension point="xbmc.service" library="service.py" start="startup" />
    <extension point="xbmc.addon.metadata">
        <summary lang="en">The Crew is a team of highly skilled talent that provides you with the best of the best.</summary>
        <description lang="en">Many come, Many go. The true and dedicated are here. Enjoy Your Entertainment.</description>
        <platform>all</platform>
        <license>GNU GENERAL PUBLIC LICENSE. Version 3, 29 June 2007</license>
        <forum></forum>
        <website></website>
        <source></source>
        <disclaimer lang="en">The author of this addon do not host any of the content which is found and have no affiliation with any of the content providers. This addon simply searches websites for content. Use at your own risk!</disclaimer>
        <assets>
            <icon>icon.png</icon>
            <fanart>fanart.jpg</fanart>
            <screenshot>resources/art/ss/1.png</screenshot>
            <screenshot>resources/art/ss/2.png</screenshot>
            <screenshot>resources/art/ss/3.png</screenshot>
        </assets>
        <news></news>
    </extension>
</addon>
