<?xml version="1.0" encoding="UTF-8" standalone="yes"?>
<addon id="plugin.video.rtpplay" name="RTP Play" version="5.0.5" provider-name="enen92, guipenedo">
    <requires>
        <import addon="xbmc.python" version="2.25.0"/>
        <import addon="script.module.routing" version="0.2.0"/>
        <import addon="script.module.requests" version="2.12.4"/>
        <import addon="script.module.inputstreamhelper" version="0.4.2"/>
        <import addon="script.module.beautifulsoup4" version="4.6.2"/>
    </requires>
    <extension point="xbmc.python.pluginsource" library="main.py">
        <provides>video</provides>
    </extension>
    <extension point="xbmc.addon.metadata">
        <summary lang="en_GB">Play live emissions from RTP Play</summary>
        <description lang="en_GB">Play live emissions from the RTP Play website</description>
        <language>pt</language>
        <platform>all</platform>
        <license>GPL-3.0</license>
        <forum>https://forum.kodi.tv/showthread.php?tid=154645</forum>
        <website>http://rtp.pt/play</website>
        <email>enen92@kodi.tv</email>
        <source>https://github.com/enen92/plugin.video.rtpplay</source>
        <news>
            - Fix live and ondemand
        </news>
        <disclaimer lang="en_GB">The plugin is unnoficial and not endorsed by RTP. Expect it to break. </disclaimer>
        <assets>
            <icon>icon.png</icon>
            <fanart>fanart.jpg</fanart>
        </assets>
    </extension>
</addon>
