<arrakis>
    <mainmenu>
        <dir>
            <title>Messiah</title>
            <meta>
                <summary>Discover what Arrakis (Dune) is about. From the original motion picture, to the story that lead to it, to Sy-Fy's take on the 2 prominent novels.</summary>
            </meta>
            <link>file://dune.xml</link>
            <thumbnail>https://raw.githubusercontent.com/muaddibttv/artwork/master/arrakis/messiah.png</thumbnail>
        </dir>
        
        <dir>
            <title>Movies and TV Shows</title>
            <meta>
                <summary>Find streams for Movies and TV Shows to catch up on</summary>
            </meta>
            <link>file://moviesandshows.xml</link>
            <thumbnail>https://raw.githubusercontent.com/muaddibttv/artwork/master/arrakis/movies.png</thumbnail>
        </dir>

        <dir>
            <title>Arrakis TV</title>
            <meta>
                <title>Arrakis TV</title>
                <summary>Live TV in standard and high definition</summary>
            </meta>
            <link>file://live/main.xml</link>
            <thumbnail>https://raw.githubusercontent.com/muaddibttv/artwork/master/arrakis/livetv.png</thumbnail>
        </dir>

        <dir>
            <title>Anime and Toons</title>
            <meta>
                <title>Anime and Toons</title>
                <summary>One Click Play section for the Anime and Toon fix you need</summary>
            </meta>
            <link>file://anime.xml</link>
            <thumbnail>https://raw.githubusercontent.com/muaddibttv/artwork/master/arrakis/anime.png</thumbnail>
        </dir>

        <dir>
            <title>Documented</title>
            <meta>
                <title>Documented</title>
                <summary>Countless documentaries from multiple sources to keep you informed</summary>
            </meta>
            <link>file://documented/main.xml</link>
            <thumbnail>https://raw.githubusercontent.com/muaddibttv/artwork/master/arrakis/docu.png</thumbnail>
        </dir>

        <dir>
            <title>Sports Hub</title>
            <meta>
                <title>Sports Hub</title>
                <summary>Sports addons are always a work in progress, and this is no exception. Archives and Live Feeds will grow and improve over time</summary>
            </meta>
            <link>file://sports/main.xml</link>
            <thumbnail>https://raw.githubusercontent.com/muaddibttv/artwork/master/arrakis/sports.png</thumbnail>
        </dir>

        <dir>
            <title>Kids Play Room</title>
            <meta>
                <title>Kids Play Room</title>
                <summary>Curated content just for the kids. From Youtube, to One Click Play, to scraper sections, we aim to source what the young ones will enjoy</summary>
            </meta>
            <link>file://kids.xml</link>
            <thumbnail>https://raw.githubusercontent.com/muaddibttv/artwork/master/arrakis/kids.png</thumbnail>
        </dir>

        <dir>
            <title>Live and Loud</title>
            <meta>
                <title>Live and Loud</title>
                <summary>A massive collection of live concerts for bands from around the world</summary>
            </meta>
            <link>file://concerts.xml</link>
            <thumbnail>https://raw.githubusercontent.com/muaddibttv/artwork/master/arrakis/liveandloud.png</thumbnail>
        </dir>

        <dir>
            <title>Loud and Proud</title>
            <meta>
                <title>Loud and Proud</title>
                <summary>A massive collection of music that makes use of Universal Scrapers for the sources</summary>
            </meta>
            <link>file://musicwtf/main.xml</link>
            <thumbnail>https://raw.githubusercontent.com/muaddibttv/artwork/master/arrakis/loudandproud.png</thumbnail>
        </dir>

        <dir>
            <title>The Spice Room</title>
            <meta>
                <title>The Spice Room</title>
                <summary>This content is only for 18+</summary>
            </meta>
            <adult>QXJyYWtpUG9ybnxmaWxlOi8vYWR1bHQvbWFpbi54bWw=</adult>
            <thumbnail>https://raw.githubusercontent.com/muaddibttv/artwork/master/arrakis/spiceroom.png</thumbnail>
        </dir>

        <dir>
            <title>The Archives</title>
            <meta>
                <summary>The ultimate collection of free domain audio and video anywhere in Kodi. If you see it elsewhere, it's a copy</summary>
            </meta>
            <link>file://archives/main.xml</link>
            <thumbnail>https://raw.githubusercontent.com/muaddibttv/artwork/master/arrakis/archives.png</thumbnail>
        </dir>

        <dir>
            <title>The Voices Within</title>
            <meta>
                <title>The Voices Within</title>
                <summary>Did someone say Podcast?</summary>
            </meta>
            <link>file://podcasts/main.xml</link>
            <thumbnail>https://raw.githubusercontent.com/muaddibttv/artwork/master/arrakis/voices.png</thumbnail>
        </dir>

        <dir>
            <title>Settings</title>
            <meta>
                <title>Settings</title>
                <summary>Arrakis specific settings, scraper settings, pairing, and more</summary>
            </meta>
            <link>file://msettings.xml</link>
            <thumbnail>https://raw.githubusercontent.com/muaddibttv/artwork/master/arrakis/settings.png</thumbnail>
        </dir>
    </mainmenu>
</arrakis>