<?xml version="1.0" encoding="UTF-8" standalone="yes"?>
<addon id="script.module.skynet" name="[COLORwhite]Skynet Module[/COLOR]" version="1.2.7" provider-name="T 1000">
	<requires>
		<import addon="xbmc.python" version="2.1.0" />
	</requires>
	<extension point="xbmc.python.module" library="lib" />
	<extension point="xbmc.addon.metadata">
		<platform>all</platform>
		<summary lang="en">Skynet Module</summary>
		<description></description>
        <disclaimer lang="en"></disclaimer>
	</extension>
</addon>