<?xml version="1.0" encoding="UTF-8"?>
<scraperfunctions>
	<GetIMDBGenresById dest="5">
		<RegExp input="$$1" output="&lt;details&gt;&lt;url cache=&quot;$$1-main.html&quot; function=&quot;ParseIMDBGenres&quot;&gt;https://www.imdb.com/title/$$1/|accept-language=en-us&lt;/url&gt;&lt;/details&gt;" dest="5">
			<expression noclean="1" />
		</RegExp>
	</GetIMDBGenresById>
	<ParseIMDBGenres dest="5">
		<RegExp input="$$2" output="&lt;details&gt;\1&lt;/details&gt;" dest="5">
			<RegExp input="$$1" output="\1" dest="6">
				<expression noclean="1">,&quot;genre&quot;:\[([^\]]+)]</expression>
			</RegExp>
			<RegExp input="$$6" output="&lt;genre&gt;\1&lt;/genre&gt;" dest="2">
				<expression repeat="yes">&quot;([^&quot;]+)&quot;</expression>
			</RegExp>
			<RegExp input="$$1" output="\1" dest="6">
				<expression noclean="1">,\s*&quot;genre&quot;:\s(&quot;[^&quot;]+&quot;),</expression>
			</RegExp>
			<RegExp input="$$1" output="\1" dest="6">
				<expression noclean="1">&quot;genre&quot;:\s\[(.*?)\]</expression>
			</RegExp>
			<RegExp input="$$6" output="&lt;genre&gt;\1&lt;/genre&gt;" dest="2">
				<expression repeat="yes">&quot;([^&quot;]+)&quot;</expression>
			</RegExp>
			<expression noclean="1" />
		</RegExp>
	</ParseIMDBGenres>

	<GetIMDBRatingsById dest="5" clearbuffers="no">
		<RegExp input="$$1" output="&lt;details&gt;&lt;url cache=&quot;\1-main.html&quot; function=&quot;ParseIMDBRatings&quot;&gt;https://www.imdb.com/title/\1/|accept-language=en-us&lt;/url&gt;&lt;/details&gt;" dest="5">
			<expression noclean="1">^(tt\d+)</expression>
		</RegExp>
		<RegExp input="$$1" output="default=&quot;true&quot;" dest="3">
			<expression clear="yes">\|default$</expression>
		</RegExp>
	</GetIMDBRatingsById>
	<ParseIMDBRatings dest="5">
		<RegExp input="$$2" output="&lt;details&gt;\1&lt;/details&gt;" dest="5">
			<RegExp input="$$1" output="&lt;ratings&gt;&lt;rating name=&quot;imdb&quot; $$3&gt;&lt;value&gt;\2&lt;/value&gt;&lt;votes&gt;\1&lt;/votes&gt;&lt;/rating&gt;&lt;/ratings&gt;" dest="2">
				<expression>&quot;ratingCount&quot;:([0-9,]+),*&quot;bestRating&quot;:[^&quot;]*&quot;worstRating&quot;:[^&quot;]*&quot;ratingValue&quot;:([0-9.]+)</expression>
			</RegExp>
			<RegExp input="$$1" output="&lt;ratings&gt;&lt;rating name=&quot;imdb&quot; $$3&gt;&lt;value&gt;\2&lt;/value&gt;&lt;votes&gt;\1&lt;/votes&gt;&lt;/rating&gt;&lt;/ratings&gt;" dest="2+">
				<expression>&quot;ratingCount&quot;:\s([0-9,]+),\s*&quot;bestRating&quot;:\s&quot;[^&quot;]*&quot;,\s*&quot;worstRating&quot;:\s&quot;[^&quot;]*&quot;,\s*&quot;ratingValue&quot;:\s&quot;([0-9.]+)</expression>
			</RegExp>
			<expression noclean="1" />
		</RegExp>
	</ParseIMDBRatings>

	<GetIMDBTOP250ById dest="5">
		<RegExp input="$$1" output="&lt;details&gt;&lt;url cache=&quot;$$1-main.html&quot; function=&quot;ParseIMDBTOP250&quot;&gt;https://www.imdb.com/title/$$1/|accept-language=en-us&lt;/url&gt;&lt;/details&gt;" dest="5">
			<expression noclean="1" />
		</RegExp>
	</GetIMDBTOP250ById>
	<ParseIMDBTOP250 dest="5">
		<RegExp input="$$2" output="&lt;details&gt;\1&lt;/details&gt;" dest="5">
			<RegExp input="$$1" output="&lt;top250&gt;\1&lt;/top250&gt;" dest="2">
				<expression>Top\srated\smovie\s#([0-9]*)</expression>
			</RegExp>
			<RegExp input="$$1" output="&lt;top250&gt;\1&lt;/top250&gt;" dest="2+">
				<expression>Top\sRated\sMovies\s#([0-9]*)</expression>
			</RegExp>
			<expression noclean="1" />
		</RegExp>
	</ParseIMDBTOP250>

	<GetIMDBStudioById dest="5">
		<RegExp input="$$1" output="&lt;details&gt;&lt;url cache=&quot;$$1-main.html&quot; function=&quot;ParseIMDBStudio&quot;&gt;https://www.imdb.com/title/$$1/|accept-language=en-us&lt;/url&gt;&lt;/details&gt;" dest="5">
			<expression noclean="1" />
		</RegExp>
	</GetIMDBStudioById>
	<ParseIMDBStudio dest="5">
		<RegExp input="$$2" output="&lt;details&gt;\1&lt;/details&gt;" dest="5">
			<RegExp input="$$1" output="&lt;studio&gt;\1&lt;/studio&gt;" dest="2">
				<expression>&quot;/company/[^&quot;]+&quot;\s*&gt;([^&lt;]+)&lt;/a&gt;</expression>
			</RegExp>
			<expression noclean="1" />
		</RegExp>
	</ParseIMDBStudio>

	<GetIMDBCountryById dest="5">
		<RegExp input="$$1" output="&lt;details&gt;&lt;url cache=&quot;$$1-main.html&quot; function=&quot;ParseIMDBCountry&quot;&gt;https://www.imdb.com/title/$$1/|accept-language=en-us&lt;/url&gt;&lt;/details&gt;" dest="5">
			<expression noclean="1" />
		</RegExp>
	</GetIMDBCountryById>
	<ParseIMDBCountry dest="5">
		<RegExp input="$$2" output="&lt;details&gt;\1&lt;/details&gt;" dest="5">
			<RegExp input="$$1" output="\1" dest="6">
				<expression clear="yes" noclean="1">Country:[^&gt;]+&gt;(.*?)&lt;/div&gt;</expression>
			</RegExp>
			<RegExp input="$$6" output="&lt;country&gt;\1&lt;/country&gt;" dest="2">
				<expression repeat="yes">href=&quot;/search/title/?\?country_of_origin[^&gt;]+&gt;(.*?)&lt;</expression>
			</RegExp>
			<RegExp input="$$1" output="&lt;country&gt;\1&lt;/country&gt;" dest="2">
				<expression repeat="yes">{&quot;id&quot;:&quot;[^&quot;]*&quot;,&quot;text&quot;:&quot;([^&quot;]*)&quot;,&quot;__typename&quot;:&quot;CountryOfOrigin&quot;}</expression>
			</RegExp>
			<expression noclean="1" />
		</RegExp>
	</ParseIMDBCountry>

	<GetMetaCriticRatingsById dest="5" clearbuffers="no">
		<RegExp input="$$1" output="&lt;details&gt;&lt;url cache=&quot;\1-criticreviews.html&quot; function=&quot;ParseMetaCriticRatings&quot;&gt;https://www.imdb.com/title/\1/criticreviews/|accept-language=en-us&lt;/url&gt;&lt;/details&gt;" dest="5">
			<expression noclean="1">(tt\d+)</expression>
		</RegExp>
		<RegExp input="$$1" output="default=&quot;true&quot;" dest="3">
			<expression clear="yes">\|default$</expression>
		</RegExp>
	</GetMetaCriticRatingsById>
	<ParseMetaCriticRatings dest="5">
		<RegExp input="$$2" output="&lt;details&gt;\1&lt;/details&gt;" dest="5">
			<RegExp input="$$4" output="&lt;ratings&gt;&lt;rating name=&quot;metacritic&quot; max=&quot;100&quot; $$3&gt;\1&lt;/rating&gt;&lt;/ratings&gt;" dest="2">
				<RegExp input="$$1" output="\1" dest="6">
					<expression clear="yes" noclean="1">&lt;div\sclass=&quot;metascore_block&quot;(.*?)Metacritic.com&lt;/a&gt;</expression>
				</RegExp>
				<RegExp input="$$6" output="&lt;value&gt;\1&lt;/value&gt;" dest="4">
					<expression clear="yes">&lt;span\sitemprop=&quot;ratingValue&quot;&gt;(\d+)&lt;/span&gt;</expression>
				</RegExp>
				<RegExp input="$$6" output="&lt;votes&gt;\1&lt;/votes&gt;" dest="4+">
					<expression>&lt;span\sitemprop=&quot;ratingCount&quot;&gt;(\d+)&lt;/span&gt;</expression>
				</RegExp>
				<expression noclean="1" clear="yes"/>
			</RegExp>
			<expression noclean="1" />
		</RegExp>
	</ParseMetaCriticRatings>

	<GetIMDBPlotById dest="5">
		<RegExp input="$$1" output="&lt;details&gt;&lt;url cache=&quot;$$1-reference.html&quot; function=&quot;ParseIMDBPlot&quot;&gt;https://www.imdb.com/title/$$1/reference|accept-language=en-us&lt;/url&gt;&lt;/details&gt;" dest="5">
			<expression noclean="1" />
		</RegExp>
	</GetIMDBPlotById>
	<ParseIMDBPlot dest="5">
		<RegExp input="$$2" output="&lt;details&gt;&lt;plot&gt;\1&lt;/plot&gt;&lt;/details&gt;" dest="5">
			<RegExp input="$$1" output="\1" dest="2">
				<expression fixchars="1" trim="1">label&quot;&gt;Plot Summary&lt;\/td&gt;.*?&lt;td&gt;.*?(?:&lt;p&gt;)?(.*?)(?:&lt;ul cl|&lt;em cl|&lt;\/p&gt;|&lt;\/td&gt;)</expression>
			</RegExp>
			<RegExp input="$$1" output="qxq\1" dest="2+">
				<expression fixchars="1" trim="1">section class=&quot;titlereference-section-overview&quot;&gt;.*?&lt;div&gt;.*?(\w.*?)&lt;\/div&gt;</expression>				
			</RegExp>
			<expression noclean="1">(.+(?=qxq)|(?&lt;=qxq).+)</expression>
		</RegExp>
	</ParseIMDBPlot>

	<GetIMDBTaglineById dest="5">
		<RegExp input="$$1" output="&lt;details&gt;&lt;url cache=&quot;$$1-reference.html&quot; function=&quot;ParseIMDBTagline&quot;&gt;https://www.imdb.com/title/$$1/reference|accept-language=en-us&lt;/url&gt;&lt;/details&gt;" dest="5">
			<expression noclean="1" />
		</RegExp>
	</GetIMDBTaglineById>
	<ParseIMDBTagline dest="5">
		<RegExp input="$$2" output="&lt;details&gt;\1&lt;/details&gt;" dest="5">
			<RegExp input="$$1" output="&lt;tagline&gt;\1&lt;/tagline&gt;" dest="2">
				<expression fixchars="1" trim="1">label&quot;&gt;Taglines&lt;\/td&gt;.*?&lt;td&gt;.*?(\w.*?)(?:&lt;a .*?&lt;\/a&gt;|&lt;\/td&gt;)</expression>
			</RegExp>
			<expression noclean="1" />
		</RegExp>
	</ParseIMDBTagline>

	<GetIMDBOutlineById dest="5">
		<RegExp input="$$1" output="&lt;details&gt;&lt;url cache=&quot;$$1-main.html&quot; function=&quot;ParseIMDBOutline&quot;&gt;https://www.imdb.com/title/$$1/|accept-language=en-us&lt;/url&gt;&lt;/details&gt;" dest="5">
			<expression noclean="1" />
		</RegExp>
	</GetIMDBOutlineById>
	<ParseIMDBOutline dest="5">
		<RegExp input="$$2" output="&lt;details&gt;\1&lt;/details&gt;" dest="5">
			<RegExp input="$$1" output="&lt;outline&gt;\1&lt;/outline&gt;" dest="2">
				<expression fixchars="1" trim="1">data-testid=&quot;plot-xl&quot;[^&gt;]*&gt;([^&lt;]*)</expression>
			</RegExp>
			<expression noclean="1" />
		</RegExp>
	</ParseIMDBOutline>

	<GetIMDBOutlineToPlotById dest="5">
		<RegExp input="$$1" output="&lt;details&gt;&lt;url cache=&quot;$$1-main.html&quot; function=&quot;ParseIMDBOutlineToPlot&quot;&gt;https://www.imdb.com/title/$$1/|accept-language=en-us&lt;/url&gt;&lt;/details&gt;" dest="5">
			<expression noclean="1" />
		</RegExp>
	</GetIMDBOutlineToPlotById>
	<ParseIMDBOutlineToPlot dest="5">
		<RegExp input="$$2" output="&lt;details&gt;\1&lt;/details&gt;" dest="5">
			<RegExp input="$$1" output="&lt;plot&gt;\1&lt;/plot&gt;" dest="2">
				<expression fixchars="1" trim="1">data-testid=&quot;plot-xl&quot;[^&gt;]*&gt;([^&lt;]*)</expression>
			</RegExp>
			<expression noclean="1" />
		</RegExp>
	</ParseIMDBOutlineToPlot>

	<GetIMDBCastById dest="5"> <!-- Broken -->
		<RegExp input="$$1" output="&lt;details&gt;&lt;url cache=&quot;$$1-main.html&quot; function=&quot;ParseIMDBCast&quot;&gt;https://www.imdb.com/title/$$1/|accept-language=en-us&lt;/url&gt;&lt;/details&gt;" dest="5">
			<expression noclean="1" />
		</RegExp>
	</GetIMDBCastById>
	<ParseIMDBCast dest="5">
		<RegExp input="$$2" output="&lt;details&gt;\1&lt;/details&gt;" dest="5">
			<RegExp input="$$1" output="\1" dest="6">
				<expression noclean="1">&lt;table\sclass=&quot;cast_list&quot;&gt;(.*?)&lt;/table&gt;</expression>
			</RegExp>
			<RegExp input="$$6" output="&lt;actor&gt;&lt;thumb&gt;\2\3SX1024_SY1024_.jpg&lt;/thumb&gt;&lt;name&gt;\1&lt;/name&gt;&lt;role&gt;\5&lt;/role&gt;&lt;/actor&gt;" dest="7">
				<expression repeat="yes" clear="yes" trim="3,4" noclean="1,2">&lt;img[^a]*alt=&quot;([^&quot;]*)&quot;[^&quot;]*&quot;[^&quot;]*&quot;[^s]*src=&quot;(?:[^&quot;]*\.[^&quot;]*&quot;\sclass=&quot;loadlate\shidden\s&quot;\sloadlate=&quot;([^&quot;]*)(_V..?_))[^&gt;]*.*?ter&quot;&gt;[^&gt;]*&gt;(&lt;[^&gt;]*&gt;)?([^&lt;\(]*)?</expression>
			</RegExp>
			<RegExp input="$$6" output="&lt;actor&gt;&lt;thumb&gt;&lt;/thumb&gt;&lt;name&gt;\1&lt;/name&gt;&lt;role&gt;\3&lt;/role&gt;&lt;/actor&gt;" dest="7+">
				<expression repeat="yes" trim="1,2,3" fixchars="3" noclean="1,2">&lt;img[^a]*alt=&quot;([^&quot;]*)&quot;[^&quot;]*&quot;[^&quot;]*&quot;[^s]*src=&quot;(?:[^&quot;]*\.[^&quot;]*\.png)&quot;\sclass=&quot;.*?&quot;\s/&gt;*.*?ter&quot;&gt;[^&gt;]*&gt;(&lt;[^&gt;]*&gt;)?([^&lt;\(]*)?</expression>
			</RegExp>
			<RegExp input="$$7" output="&lt;actor&gt;&lt;thumb&gt;\1&lt;/thumb&gt;\2&lt;/actor&gt;" dest="2+">
				<expression repeat="yes" clear="yes" noclean="1,2,3">&lt;actor&gt;&lt;thumb&gt;(?:(http.*?)|_SX[0-9]+_SY[0-9]+_)?&lt;/thumb&gt;(.*?)&lt;/actor&gt;</expression>
			</RegExp>
			<expression noclean="1" />
		</RegExp>
	</ParseIMDBCast>

	<GetIMDBDirectorsById dest="5">
		<RegExp input="$$1" output="&lt;details&gt;&lt;url cache=&quot;$$1-main.html&quot; function=&quot;ParseIMDBDirectors&quot;&gt;https://www.imdb.com/title/$$1/|accept-language=en-us&lt;/url&gt;&lt;/details&gt;" dest="5">
			<expression noclean="1" />
		</RegExp>
	</GetIMDBDirectorsById>
	<ParseIMDBDirectors dest="5">
		<RegExp input="$$2" output="&lt;details&gt;\1&lt;/details&gt;" dest="5">
			<RegExp input="$$1" output="\1" dest="6">
				<expression clear="yes" noclean="1">&quot;director&quot;(.*?)]</expression>
			</RegExp>
			<RegExp input="$$6" output="&lt;director&gt;\1&lt;/director&gt;" dest="2">
				<expression repeat="yes" fixchars="yes" clear="yes">&quot;name&quot;:&quot;([^&quot;]*)</expression>
			</RegExp>
			<expression noclean="1" />
		</RegExp>
	</ParseIMDBDirectors>

	<GetIMDBWritersById dest="5">
		<RegExp input="$$1" output="&lt;details&gt;&lt;url cache=&quot;$$1-main.html&quot; function=&quot;ParseIMDBWriters&quot;&gt;https://www.imdb.com/title/$$1/|accept-language=en-us&lt;/url&gt;&lt;/details&gt;" dest="5">
			<expression noclean="1" />
		</RegExp>
	</GetIMDBWritersById>
	<ParseIMDBWriters dest="5">
		<RegExp input="$$2" output="&lt;details&gt;\1&lt;/details&gt;" dest="5">
			<RegExp input="$$1" output="\1" dest="6">
				<expression clear="yes" noclean="1">&quot;creator&quot;(.*?)]</expression>
			</RegExp>
			<RegExp input="$$6" output="&lt;credits&gt;\1&lt;/credits&gt;" dest="2">
				<expression repeat="yes" fixchars="yes" clear="yes">&quot;name&quot;:&quot;([^&quot;]*)</expression>
			</RegExp>
			<expression noclean="1" />
		</RegExp>
	</ParseIMDBWriters>

	<GetIMDBFullCastById dest="5">
		<RegExp input="$$1" output="&lt;details&gt;&lt;url cache=&quot;$$1-reference.html&quot; function=&quot;ParseIMDBFullCast&quot;&gt;https://www.imdb.com/title/$$1/reference/|accept-language=en-us&lt;/url&gt;&lt;/details&gt;" dest="5">
			<expression noclean="1" />
		</RegExp>
	</GetIMDBFullCastById>
	<ParseIMDBFullCast dest="5">
		<RegExp input="$$2" output="&lt;details&gt;\1&lt;/details&gt;" dest="5">
			<RegExp input="$$1" output="\1" dest="6">
				<expression noclean="1">&lt;table\sclass=&quot;cast_list&quot;&gt;(.*?)&lt;/table&gt;</expression>
			</RegExp>
			<RegExp input="$$6" output="&lt;actor&gt;&lt;thumb&gt;\2\3SX1024_SY1024_.jpg&lt;/thumb&gt;&lt;name&gt;\1&lt;/name&gt;&lt;role&gt;\5&lt;/role&gt;&lt;/actor&gt;" dest="7">
				<expression repeat="yes" clear="yes" trim="3,4" noclean="1,2">&lt;img[^a]*alt=&quot;([^&quot;]*)&quot;[^&quot;]*&quot;[^&quot;]*&quot;[^s]*src=&quot;(?:[^&quot;]*\.[^&quot;]*&quot;\sclass=&quot;loadlate\shidden\s&quot;\sloadlate=&quot;([^&quot;]*)(_V..?_))[^&gt;]*.*?ter&quot;&gt;[^&gt;]*&gt;\n\s*(&lt;[^&gt;]*&gt;)?([^&lt;\(]*)?</expression>
			</RegExp>
			<RegExp input="$$6" output="&lt;actor&gt;&lt;thumb&gt;&lt;/thumb&gt;&lt;name&gt;\1&lt;/name&gt;&lt;role&gt;\3&lt;/role&gt;&lt;/actor&gt;" dest="7+">
				<expression repeat="yes" trim="1,2,3" fixchars="3" noclean="1,2">&lt;img[^a]*alt=&quot;([^&quot;]*)&quot;[^&quot;]*&quot;[^&quot;]*&quot;[^s]*src=&quot;(?:[^&quot;]*\.[^&quot;]*\.png)&quot;\sclass=&quot;.*?&quot;\s/&gt;*.*?ter&quot;&gt;[^&gt;]*&gt;\n\s*(&lt;[^&gt;]*&gt;)?([^&lt;\(]*)?</expression>
			</RegExp>
			<RegExp input="$$7" output="&lt;actor&gt;&lt;thumb&gt;\1&lt;/thumb&gt;\2&lt;/actor&gt;" dest="2+">
				<expression repeat="yes" clear="yes" noclean="1,2,3">&lt;actor&gt;&lt;thumb&gt;(?:(http.*?)|_SX[0-9]+_SY[0-9]+_)?&lt;/thumb&gt;(.*?)&lt;/actor&gt;</expression>
			</RegExp>
			<expression noclean="1" />
		</RegExp>
	</ParseIMDBFullCast>

	<GetIMDBFullDirectorsById dest="5">
		<RegExp input="$$1" output="&lt;details&gt;&lt;url cache=&quot;$$1-reference.html&quot; function=&quot;ParseIMDBFullDirectors&quot;&gt;https://www.imdb.com/title/$$1/reference/|accept-language=en-us&lt;/url&gt;&lt;/details&gt;" dest="5">
			<expression noclean="1" />
		</RegExp>
	</GetIMDBFullDirectorsById>
	<ParseIMDBFullDirectors dest="5">
		<RegExp input="$$2" output="&lt;details&gt;\1&lt;/details&gt;" dest="5">
			<RegExp input="$$1" output="\1" dest="6">
				<expression clear="yes" noclean="1">Director(?:s)?:.*?ipl-inline-list[^&gt;]*&gt;(.*?)&lt;/div</expression>
			</RegExp>
			<RegExp input="$$6" output="&lt;director&gt;\1&lt;/director&gt;" dest="2">
				<expression repeat="yes" fixchars="1">&lt;a href=&quot;/name/[^&gt;]*&gt;([^&lt;]*)&lt;</expression>
			</RegExp>
			<expression noclean="1" />
		</RegExp>
	</ParseIMDBFullDirectors>

	<GetIMDBFullWritersById dest="5">
		<RegExp input="$$1" output="&lt;details&gt;&lt;url cache=&quot;$$1-reference.html&quot; function=&quot;ParseIMDBFullWriters&quot;&gt;https://www.imdb.com/title/$$1/reference/|accept-language=en-us&lt;/url&gt;&lt;/details&gt;" dest="5">
			<expression noclean="1" />
		</RegExp>
	</GetIMDBFullWritersById>
	<ParseIMDBFullWriters dest="5">
		<RegExp input="$$2" output="&lt;details&gt;\1&lt;/details&gt;" dest="5">
			<RegExp input="$$1" output="\1" dest="6">
				<expression noclean="1">Writer(?:s)?:.*?ipl-inline-list[^&gt;]*&gt;(.*?)&lt;/div</expression>
			</RegExp>
			<RegExp input="$$6" output="&lt;credits&gt;\1&lt;/credits&gt;" dest="2">
				<expression repeat="yes" fixchars="1">&lt;a href=&quot;/name/[^&gt;]*&gt;([^&lt;]*)&lt;</expression>
			</RegExp>
			<expression noclean="1" />
		</RegExp>
	</ParseIMDBFullWriters>

	<GetIMDBThumbsById dest="5"> <!-- Broken -->
		<RegExp input="$$1" output="&lt;details&gt;&lt;url cache=&quot;$$1-main.html&quot; function=&quot;ParseIMDBThumbs&quot;&gt;https://www.imdb.com/title/$$1/|accept-language=en-us&lt;/url&gt;&lt;/details&gt;" dest="5">
			<expression noclean="1" />
		</RegExp>
	</GetIMDBThumbsById>
	<ParseIMDBThumbs dest="5">
		<RegExp input="$$6" output="&lt;details&gt;\1&lt;/details&gt;" dest="5">
			<RegExp input="$$1" output="&lt;thumb aspect=&quot;poster&quot;&gt;\1\2.jpg&lt;/thumb&gt;" dest="6">
				<expression noclean="1">Poster&quot;\s*src=&quot;(.*?)(_V._)</expression>
			</RegExp>
			<expression noclean="1" />
		</RegExp>
	</ParseIMDBThumbs>

	<GetIMDBUSACert dest="5">
		<RegExp input="$$1" output="&lt;details&gt;&lt;url cache=&quot;$$1-reference.html&quot; function=&quot;ParseIMDBUSACert&quot;&gt;https://www.imdb.com/title/$$1/reference/|accept-language=en-us&lt;/url&gt;&lt;/details&gt;" dest="5">
			<expression noclean="1" />
		</RegExp>
	</GetIMDBUSACert>
	<ParseIMDBUSACert dest="5">
		<RegExp input="$$1" output="&lt;details&gt;&lt;mpaa&gt;$INFO[certprefix]\1&lt;/mpaa&gt;&lt;/details&gt;" dest="5">
			<expression>&gt;\s*United\sStates:(TV-(Y7?|P?G|14|MA))&lt;/a&gt;</expression>
		</RegExp>
		<RegExp input="$$1" output="&lt;details&gt;&lt;mpaa&gt;$INFO[certprefix]\1&lt;/mpaa&gt;&lt;/details&gt;" dest="5">
			<expression>&gt;\s*United\sStates:(P?G|PG-13|R|NC-17)&lt;/a&gt;</expression>
		</RegExp>
		<RegExp input="$$1" output="&lt;details&gt;&lt;mpaa&gt;$INFO[certprefix]\1&lt;/mpaa&gt;&lt;/details&gt;" dest="5">
			<expression>MPAA&lt;/a&gt;:&lt;/h5&gt;&lt;div\sclass=&quot;info-content&quot;&gt;Rated\s(P?G|PG-13|R|NC-17)</expression>
		</RegExp>
	</ParseIMDBUSACert>

	<GetIMDBCountryCert dest="5">
		<RegExp input="$$1" output="&lt;details&gt;&lt;url cache=&quot;$$1-reference.html&quot; function=&quot;ParseIMDBCountryCert&quot;&gt;https://www.imdb.com/title/$$1/reference/|accept-language=en-us&lt;/url&gt;&lt;/details&gt;" dest="5">
			<expression noclean="1" />
		</RegExp>
		<RegExp input="$INFO[imdbcertcountry]" output="$$2" dest="5">
			<RegExp input="$$1" output="&lt;details&gt;&lt;url cache=&quot;$$1-reference.html&quot; function=&quot;ParseIMDBUSACert&quot;&gt;https://www.imdb.com/title/$$1/reference/|accept-language=en-us&lt;/url&gt;&lt;/details&gt;" dest="2">
				<expression noclean="1"/>
			</RegExp>
			<expression>United States</expression>
		</RegExp>
	</GetIMDBCountryCert>
	<ParseIMDBCountryCert dest="5">
		<RegExp input="$$1" output="&lt;details&gt;&lt;mpaa&gt;$INFO[certprefix]\1&lt;/mpaa&gt;&lt;/details&gt;" dest="5">
			<expression>&gt;\s*$INFO[imdbcertcountry]:([^&lt;]+)&lt;/a&gt;</expression>
		</RegExp>
	</ParseIMDBCountryCert>

	<GetIMDBAKATitlesById dest="5">
		<RegExp input="$$1" output="&lt;details&gt;&lt;url cache=&quot;$$1-releaseinfo.html&quot; function=&quot;ParseIMDBAKATitles&quot;&gt;https://www.imdb.com/title/$$1/releaseinfo/|accept-language=en-us&lt;/url&gt;&lt;/details&gt;" dest="5">
			<expression noclean="1" />
		</RegExp>
	</GetIMDBAKATitlesById>
	<ParseIMDBAKATitles dest="5">
		<RegExp input="$$2" output="&lt;details&gt;&lt;title&gt;\1&lt;/title&gt;&lt;/details&gt;" dest="5">
			<RegExp input="$$1" output="\2" dest="2">
				<expression>'og:title'\scontent=&quot;(IMDb\s-\s)?(?:&amp;#x22;)?([^&quot;]*?)(?:&amp;#x22;)? \([^\(]*?([0-9]{4})(?:–\s)?\)</expression>
			</RegExp>
			<RegExp input="$$10" output="\1" dest="4">
				<RegExp input="$$1" output="\1" dest="9">
					<expression>name&quot;&gt;\s\(original\stitle\)[^&gt;]+&gt;[^&gt;]+&gt;([^&lt;]+)</expression>
				</RegExp>
				<RegExp input="$$1" output="\1" dest="9">
					<expression>class="originalTitle"&gt;([^&lt;]*)</expression>
				</RegExp>
				<RegExp input="$$9" output="\1" dest="10">
					<expression />
				</RegExp>
				<RegExp input="$$1" output="\1" dest="11">
					<expression>'og:title'\scontent=&quot;(IMDb\s-\s)?(?:&amp;#x22;)?([^&quot;]*?)(?:&amp;#x22;)? \([^\(]*?([0-9]{4})(?:–\s)?\)</expression>
				</RegExp>
				<RegExp input="$$11" output="\1" dest="10">
					<expression>(.+)</expression>
				</RegExp>
				<RegExp input="$$1" output="\1" dest="11">
					<expression clear="yes">name&quot;&gt;Hong Kong\s\(English[^&gt;]+&gt;[^&gt;]+&gt;([^&lt;]+)</expression>
				</RegExp>
				<RegExp input="$$11" output="\1" dest="10">
					<expression>(.+)</expression>
				</RegExp>
				<RegExp input="$$1" output="\1" dest="11">
					<expression clear="yes">name&quot;&gt;Canada\s\(English[^&gt;]+&gt;[^&gt;]+&gt;([^&lt;]+)</expression>
				</RegExp>
				<RegExp input="$$11" output="\1" dest="10">
					<expression>(.+)</expression>
				</RegExp>
				<RegExp input="$$1" output="\1" dest="11">
					<expression clear="yes">name&quot;&gt;UK&lt;[^&gt;]+&gt;[^&gt;]+&gt;([^&lt;]+)</expression>
				</RegExp>
				<RegExp input="$$11" output="\1" dest="10">
					<expression>(.+)</expression>
				</RegExp>
				<RegExp input="$$1" output="\1" dest="11">
					<expression clear="yes">name&quot;&gt;World-wide\s\(English\stitle\)&lt;[^&gt;]+&gt;[^&gt;]+&gt;([^&lt;]+)</expression>
				</RegExp>
				<RegExp input="$$11" output="\1" dest="10">
					<expression>(.+)</expression>
				</RegExp>
				<RegExp input="$$1" output="\1" dest="11">
					<expression clear="yes">name&quot;&gt;USA&lt;[^&gt;]+&gt;[^&gt;]+&gt;([^&lt;]+)</expression>
				</RegExp>
				<RegExp input="$$11" output="\1" dest="10">
					<expression>(.+)</expression>
				</RegExp>
				<expression noclean="1" />
			</RegExp>
			<RegExp input="$$4" output="\1" dest="2">
				<expression>(.+)</expression>
			</RegExp>
			<RegExp input="$$1" output="\1" dest="4">
				<expression>name&quot;&gt;$INFO[imdbakatitles][^&gt;]+&gt;[^&gt;]+&gt;([^&lt;]+)</expression>
			</RegExp>
			<RegExp input="$$1" output="\1" dest="4">
				<expression>name&quot;&gt;$INFO[imdbakatitles]&lt;[^&gt;]+&gt;[^&gt;]+&gt;([^&lt;]+)</expression>
			</RegExp>
			<RegExp input="$$4" output="\1" dest="2">
				<expression>(.+)</expression>
			</RegExp>
			<RegExp input="$INFO[imdbakatitles]" output="$$9" dest="4">
				<expression>Keep Original</expression>
			</RegExp>
			<RegExp input="$$4" output="\1" dest="2">
				<expression>(.+)</expression>
			</RegExp>
			<expression noclean="1" />
		</RegExp>
	</ParseIMDBAKATitles>

</scraperfunctions>