<?xml version="1.0" encoding="UTF-8" standalone="yes"?>
<addon id="plugin.video.thecrew" version="0.0.63" name="[COLOR orchid]THE CREW[/COLOR]" provider-name="The Crew">
    <requires>
        <import addon="xbmc.python" version="2.25.0"/>
        <import addon="script.module.thecrew" />
        <import addon="script.thecrew.artwork" />
        <import addon="script.thecrew.metadata" />
        <import addon="script.module.requests" />
        <import addon="script.module.resolveurl" />
        <import addon="script.module.metahandler" />
        <import addon="plugin.video.youtube" optional="true" /> />
        <import addon="script.crew.sports" optional="true" /> />
        <import addon="script.module.inputstreamhelper" version="0.3.3"/>
    </requires>
    <extension point="xbmc.python.pluginsource" library="thecrew.py">
        <provides>video</provides>
    </extension>
    <extension point="xbmc.service" library="service.py" start="startup" />
    <extension point="xbmc.addon.metadata">
        <summary lang="en">The Crew is a team of individuals that does what it can to provide others, you the best in entertainment.</summary>
        <description lang="en">Many come, Many go. The true and dedicated are here.</description>
        <platform>all</platform>
        <license>GNU GENERAL PUBLIC LICENSE. Version 3, 29 June 2007</license>
        <disclaimer lang="en">The author of this addon do not host any of the content which is found and have no affiliation with any of the content providers. This addon simply searches websites for content. Use at your own risk!</disclaimer>
        <assets>
            <icon>icon.png</icon>
            <fanart>fanart.jpg</fanart>
            <screenshot>resources/art/ss/1.png</screenshot>
            <screenshot>resources/art/ss/2.png</screenshot>
            <screenshot>resources/art/ss/3.png</screenshot>
        </assets>
    </extension>
</addon>
