<?xml version="1.0" encoding="UTF-8" standalone="yes"?>
	<addon id="repository.arda" name="Arda Repository" version="2023.02.03" provider-name="Irmu">
		<extension point="xbmc.addon.repository" name="Example Repository">
			<dir minversion="17.0.0" maxversion="18.9.9">
			<info compressed="false">https://raw.githubusercontent.com/irmu/arda/master/leia/zips/addons.xml</info>
			<checksum>https://raw.githubusercontent.com/irmu/arda/master/leia/zips/addons.xml.md5</checksum>
			<datadir zip="true">https://raw.githubusercontent.com/irmu/arda/master/leia/zips/</datadir>
			</dir>
			<dir minversion="19.0.0">
			<info compressed="false">https://raw.githubusercontent.com/irmu/arda/master/matrix/zips/addons.xml</info>
			<checksum>https://raw.githubusercontent.com/irmu/arda/master/matrix/zips/addons.xml.md5</checksum>
			<datadir zip="true">https://raw.githubusercontent.com/irmu/arda/master/matrix/zips/</datadir>
			</dir>
		</extension>
    <extension point="xbmc.addon.metadata">
        <summary>Arda Repository</summary>
        <description>Arda where all things KODI reside</description>
        <disclaimer></disclaimer>
        <platform>all</platform>
        <assets>
            <icon>icon.png</icon>
            <fanart>fanart.jpg</fanart>
        </assets>
    </extension>
</addon>