<?xml version="1.0" encoding="UTF-8" standalone="yes"?>
<addon id="weather.yahoo" name="Yahoo! Weather" version="5.0.0" provider-name="ronie">
	<requires>
		<import addon="xbmc.python" version="2.25.0"/>
		<import addon="script.module.requests" version="2.19.1"/>
	</requires>
	<extension point="xbmc.python.weather" library="default.py"/>
	<extension point="xbmc.addon.metadata">
		<summary lang="af_ZA">Weervoorspelling van yahoo.com</summary>
		<summary lang="am_ET">የ አየር ንብረት ከ ያሁ.ኮም</summary>
		<summary lang="ar_SA">تنبؤات الطقس من موقع yahoo.com</summary>
		<summary lang="bg_BG">Синоптична прогноза от www.yahoo.com</summary>
		<summary lang="ca_ES">Previsió del temps des de yahoo.com</summary>
		<summary lang="cs_CZ">Předpověď počasí z yahoo.com</summary>
		<summary lang="da_DK">Vejrudsigt fra yahoo.com</summary>
		<summary lang="de_DE">Wettervorhersage von yahoo.com</summary>
		<summary lang="el_GR">Πρόγνωση καιρού από το yahoo.com</summary>
		<summary lang="en_GB">Weather forecast from yahoo.com</summary>
		<summary lang="en_NZ">Weather forecast from yahoo.com</summary>
		<summary lang="en_US">Weather forecast from yahoo.com</summary>
		<summary lang="es_ES">Predicción meteorológica de yahoo.com</summary>
		<summary lang="et_EE">yahoo.com ilmaennustus</summary>
		<summary lang="fi_FI">Yahoo.com sääennuste</summary>
		<summary lang="fr_FR">Prévisions météo depuis yahoo.com</summary>
		<summary lang="fr_CA">Prévisions météorologiques de yahoo.com</summary>
		<summary lang="gl_ES">Predición meteorolóxica de yahoo.com</summary>
		<summary lang="he_IL">תחזית מזג אוויר מ-yahoo.com</summary>
		<summary lang="hr_HR">Prognoza vremena sa yahoo.com</summary>
		<summary lang="hu_HU">Időjárás előrejelzés a yahoo.com oldalról</summary>
		<summary lang="id_ID">Ramalan Cuaca dari yahoo.com</summary>
		<summary lang="is_IS">Veðurspá frá yahoo.com</summary>
		<summary lang="it_IT">Servizio meteo di yahoo.com</summary>
		<summary lang="ja_JP">yahoo.com 天気予報</summary>
		<summary lang="ko_KR">yahoo.com 일기예보</summary>
		<summary lang="lt_LT">Orų prognozė iš yahoo.com</summary>
		<summary lang="lv_LV">Laikapstākļu prognoze no yahoo.com</summary>
		<summary lang="nl_NL">Weerbericht van yahoo.com</summary>
		<summary lang="nb_NO">Værvarsel fra yahoo.com</summary>
		<summary lang="pl_PL">Prognoza pogody z serwisu yahoo.com</summary>
		<summary lang="pt_PT">Previsão do tempo a partir de yahoo.com</summary>
		<summary lang="pt_BR">Previsão Climática de yahoo.com</summary>
		<summary lang="ro_RO">Prognoze meteo de la yahoo.com</summary>
		<summary lang="ru_RU">Прогноз погоды от yahoo.com</summary>
		<summary lang="sk_SK">Predpoveď počasia z yahoo.com</summary>
		<summary lang="sl_SI">Vremenska napoved iz yahoo.com</summary>
		<summary lang="sr_RS">Прогноза времена са yahoo.com</summary>
		<summary lang="sv_SE">Väderprognos från yahoo.com</summary>
		<summary lang="tr_TR">Hava durumu - yahoo.com</summary>
		<summary lang="uk_UA">Прогноз погоди з </summary>
		<summary lang="zh_CN">来源于 yahoo.com 的天气预报</summary>
		<description lang="af_ZA">Weervoorspelling verskaf deur Yahoo! Weer (http://weather.yahoo.com/)</description>
		<description lang="ar_SA">خدمه تنبؤات الطقس تأتيكم برعايه ياهوو الطقس (http://weather.yahoo.com/)</description>
		<description lang="bg_BG">Синоптична прогноза, предоставена от Yahoo! Weather (http://www.yahoo.com/)</description>
		<description lang="ca_ES">Previsió del temps proporcionada per Yahoo! Weather (http://weather.yahoo.com/)</description>
		<description lang="cs_CZ">Předpověď počasí poskytnuta stránkou Yahoo! Weather (http://weather.yahoo.com/)</description>
		<description lang="da_DK">Vejrudsigten leveret af Yahoo! vejr (http://weather.com/)</description>
		<description lang="de_DE">Wettervorhersage bereitgestellt durch Yahoo! Weather (http://weather.yahoo.com/)</description>
		<description lang="el_GR">Η πρόγνωση καιρού παρέχεται από το Yahoo! Weather (http://weather.yahoo.com/)</description>
		<description lang="en_GB">Weather forecast provided by Yahoo! Weather (http://weather.yahoo.com/)</description>
		<description lang="en_NZ">Weather forecast provided by Yahoo! Weather (http://weather.yahoo.com/)</description>
		<description lang="en_US">Weather forecast provided by Yahoo! Weather (http://weather.yahoo.com/)</description>
		<description lang="es_ES">Predicción meteorológica facilitada por Yahoo! Weather (http://weather.yahoo.com/)</description>
		<description lang="et_EE">Ilmaennustuse toob teieni Yahoo! Weather (http://weather.yahoo.com/)</description>
		<description lang="fi_FI">Sääennusteen tarjoaa Yahoo! Weather (http://weather.yahoo.com)</description>
		<description lang="fr_FR">Prévisions météo fournies par Yahoo! Weather (http://weather.yahoo.com/)</description>
		<description lang="fr_CA">Prévisions météorologiques fournies par Yahoo! Weather (http://weather.yahoo.com/)</description>
		<description lang="gl_ES">Predición meteorolóxica fornecida por Yahoo! Weather (http://weather.yahoo.com/)</description>
		<description lang="he_IL">תחזית מזג אוויר מסופקת ע"י Yahoo! Weather (בכתובת http://weather.yahoo.com)</description>
		<description lang="hr_HR">Prognoza vremena koju pruža Yahoo! Weather (http://weather.yahoo.com/)</description>
		<description lang="hu_HU">Az időjárás előrejelzést biztosítja a Yahoo! Weather (http://weather.yahoo.com/)</description>
		<description lang="is_IS">Veðurspá frá Yahoo! Weather (http://weather.yahoo.com/)</description>
		<description lang="it_IT">Servizio meteo fornito da Yahoo! Weather (http://weather.yahoo.com/)</description>
		<description lang="ja_JP">Yahoo! Weather (http://weather.yahoo.com/) 提供の天気予報</description>
		<description lang="ko_KR">Yahoo! Weather (http://weather.yahoo.com/) 에서 제공하는 일기예보</description>
		<description lang="lt_LT">Yahoo! Weather pateikta orų prognozė (http://weather.yahoo.com/)</description>
		<description lang="lv_LV">Laikapstākļu prognoze pēc Yahoo! laika ar nosacījumu (http://weather.yahoo.com/)</description>
		<description lang="nl_NL">Weersverwachting geleverd door Yahoo! (http://weather/yahoo.com)</description>
		<description lang="nb_NO">Værvarsel levert av Yahoo! Weather (http://weather.yahoo.com/)</description>
		<description lang="pl_PL">Prognoza pogody jest dostarczona dzięki uprzejmości serwisu Yahoo! (http://weather.yahoo.com/)</description>
		<description lang="pt_PT">Previsão metereológica fornecida por Yahoo! Weather (http://weather.yahoo.com/)</description>
		<description lang="pt_BR">Previsão climática fornecida por Yahoo! Weather (http://weather.yahoo.com)</description>
		<description lang="ro_RO">Prognoză meteo oferită de Yahoo! Weather (http://weather.yahoo.com/)</description>
		<description lang="ru_RU">Прогноз погоды предоставлен Yahoo! Weather (http://weather.yahoo.com/)</description>
		<description lang="sk_SK">Predpoveď počasia poskytovaná službou Yahoo! Weather (http://weather.yahoo.com/)</description>
		<description lang="sl_SI">Vremenska napoved od Yahoo! Weather (http://weather.yahoo.com/)</description>
		<description lang="sr_RS">Прогноза времена коју је омогућио Yahoo! Weather (http://weather.yahoo.com/)</description>
		<description lang="sv_SE">Väderprognos tillhandahållen av Yahoo! Weather (http://weather.yahoo.com/)</description>
		<description lang="tr_TR">Yahoo! Weather tarafından sağlana hava durumu tahmini (http://weather.yahoo.com/)</description>
		<description lang="uk_UA">Прогноз погоди надано Yahoo! Weather (http://weather.yahoo.com/)</description>
		<description lang="zh_CN">由雅虎天气提供的天气预报（http://weather.yahoo.com/）</description>
		<disclaimer lang="af_ZA">Die gebruik van hierdie byvoeging beteken dat jy ooreengekom met die diensvoorwaardes wat op geleë is http://developer.yahoo.com/weather/#terms</disclaimer>
		<disclaimer lang="ar_SA">إستخدامك لهذه اﻹضافه يعنى موافقتك على شروط الخدمه التى يمكن اﻹطلاع عليها من خلال http://developer.yahoo.com/weather/#terms</disclaimer>
		<disclaimer lang="bg_BG">Употребявайки добавката Вие се съгласявате с условията за ползване на услугата, които се намират на http://developer.yahoo.com/weather/#terms</disclaimer>
		<disclaimer lang="ca_ES">L'ús d'aquest complement implica que vostè ha acceptat els termes de servei ubicats a http://developer.yahoo.com/weather/#terms</disclaimer>
		<disclaimer lang="cs_CZ">Používáním tohoto rozšíření schvalujete podmínky užívání umístěné na http://developer.yahoo.com/weather/#terms</disclaimer>
		<disclaimer lang="da_DK">Brug af denne add-on betyder at du har accepteret betingelserne for brug som du finder på http://developer.yahoo.com/weather/#terms</disclaimer>
		<disclaimer lang="de_DE">Die Benutzung der Erweiterung impliziert, das sie den Nutzungsbedingungen unter http://developer.yahoo.com/weather/#terms zugestimmt haben</disclaimer>
		<disclaimer lang="el_GR">Χρήση αυτού του πρόσθετου συνεπάγεται την αποδοχή των Όρων Χρήσης της Υπηρεσίας (Terms of Service) οι οποίοι βρίσκονται στο http://developer.yahoo.com/weather/#terms</disclaimer>
		<disclaimer lang="en_GB">Use of this add-on implies that you have agreed to the Terms of Service located at http://developer.yahoo.com/weather/#terms</disclaimer>
		<disclaimer lang="en_NZ">Use of this add-on implies that you have agreed to the Terms of Service located at http://developer.yahoo.com/weather/#terms</disclaimer>
		<disclaimer lang="en_US">Use of this add-on implies that you have agreed to the Terms of Service located at http://developer.yahoo.com/weather/#terms</disclaimer>
		<disclaimer lang="es_ES">El uso de este add-on implica la aceptación de los Términos de Servicio recogidos en http://developer.yahoo.com/weather/#terms</disclaimer>
		<disclaimer lang="et_EE">Selle lisa kasutamine tähendab nõustumist Kasutustingimustega aadressilt http://developer.yahoo.com/weather/#terms</disclaimer>
		<disclaimer lang="fi_FI">Tämän lisäosan käyttäminen tarkoittaa että hyväksyt käyttäehdot, jotka ovat osoitteessa http://developer.yahoo.com/weather/#terms</disclaimer>
		<disclaimer lang="fr_FR">Par l'utilisation de ce module, vous attestez accepter les Conditions Générales d'Utilisation disponibles sur http://developer.yahoo.com/weather/#terms</disclaimer>
		<disclaimer lang="fr_CA">L'utilisation de cet addiciel implique que vous avez accepté les conditions générales d'utilisation situées à http://developer.yahoo.com/weather/#terms</disclaimer>
		<disclaimer lang="gl_ES">Empregar este complemento implica que vostede acepta os termos do servizo localizados en http://developer.yahoo.com/weather/#terms</disclaimer>
		<disclaimer lang="he_IL">מהשימוש בהרחבה זו משתמע כי הסכמת לתנאי השירות המפורטים ב-http://developer.yahoo.com/weather/#terms</disclaimer>
		<disclaimer lang="hr_HR">Korištenje ovog dodatka podrazumijeva da se slažete sa Pravilima korištenja koji se nalaze na: http://developer.yahoo.com/weather/#terms</disclaimer>
		<disclaimer lang="hu_HU">Ennek a kiegészínőnek a használatával elfogadja a Felhasználói Feltételeket amik megtalálhatóak a http://developer.yahoo.com/weather/#terms oldalon</disclaimer>
		<disclaimer lang="is_IS">Notkun á þessarri viðbót gefur til kynna að þú hafir samþykkt skilmálana sem finna má á http://developer.yahoo.com/weather/#terms</disclaimer>
		<disclaimer lang="it_IT">L'uso di questo Add-on implica l'accettazione delle Condizioni di Servizio che trovi su http://developer.yahoo.com/weather/#terms</disclaimer>
		<disclaimer lang="ja_JP">このアドオンを使うことにより、http://developer.yahoo.com/weather/#terms にある利用規約に同意したとみなされます。</disclaimer>
		<disclaimer lang="ko_KR">이 애드온을 사용하는 것은 http://developer.yahoo.com/weather/#terms 에 있는 서비스 이용 약관에 동의함을 의미합니다.</disclaimer>
		<disclaimer lang="lt_LT">Naudodami šį priedą, jūs sutinkate su paslaugos sąlygomis, esančiomis http://developer.yahoo.com/weather/#terms</disclaimer>
		<disclaimer lang="lv_LV">Lietojot šo spraudni nozīmē, ka jūs esat piekrituši pakalpojumu sniegšanas noteikumiem, kas atrodas http://developer.yahoo.com/weather/#terms</disclaimer>
		<disclaimer lang="nl_NL">Het gebruik van deze add-on impliceert dat je akkoord gaat met de service-voorwaarden op http://developer.yahoo.com/weather/#terms</disclaimer>
		<disclaimer lang="nb_NO">Bruken av dette tillegget betinger at du har godkjent brukervilkårene på http://developer.yahoo.com/weather/#terms</disclaimer>
		<disclaimer lang="pl_PL">Korzystanie z tego dodatku jest równoznaczne z akceptacją regulaminu dostępnego pod adresem: http://developer.yahoo.com/weather/#terms</disclaimer>
		<disclaimer lang="pt_PT">O uso deste add-on implica o seu acordo com os Termos de Serviço disponíveis em http://developer.yahoo.com/weather/#terms</disclaimer>
		<disclaimer lang="pt_BR">O uso deste complemento implica em aceitar os Termos de Serviço localizado em http://developer.yahoo.com/weather/#terms</disclaimer>
		<disclaimer lang="ru_RU">Используя это дополнение, вы соглашаетесь с условиями предоставления услуг, &#10;доступными по адресу: http://developer.yahoo.com/weather/#terms</disclaimer>
		<disclaimer lang="sk_SK">Používaním tohto doplnku súhlasíte s podmienkami používania služby umiestnenými na http://developer.yahoo.com/weather/#terms</disclaimer>
		<disclaimer lang="sl_SI">Uporaba tega dodatka pomeni, da ste se strinjali s pogoji storitve, ki se nahajajo na http://developer.yahoo.com/weather/#terms</disclaimer>
		<disclaimer lang="sr_RS">Употреба овог додатка подразумева да сте сагласни са Условима Коришћења који се налазе на http://developer.yahoo.com/weather/#terms</disclaimer>
		<disclaimer lang="sv_SE">Användning av detta tillägg innebär att du har accepterat användarvillkoren som hittas på http://developer.yahoo.com/weather/#terms</disclaimer>
		<disclaimer lang="tr_TR">Bu eklentinin kullanımı aynı zamanda http://developer.yahoo.com/weather/#terms adresindeki Kullanım Koşullarını da kabul ettiğiniz anlamına gelir.</disclaimer>
		<disclaimer lang="uk_UA">Скориставшись цією надбудовою, ви тим самим погоджуєтеся з умовами використання: </disclaimer>
		<disclaimer lang="zh_CN">使用此插件表示你已同意此服务条款：http://developer.yahoo.com/weather/#terms</disclaimer>
		<language></language>
		<platform>all</platform>
		<license>GNU GENERAL PUBLIC LICENSE Version 2</license>
		<forum>http://forum.kodi.tv/showthread.php?tid=169410</forum>
		<website></website>
		<email></email>
		<source>https://gitlab.com/ronie/weather.yahoo</source>
	</extension>
</addon>
