{
    "1337x": {
        "anime_extra": "",
        "anime_keywords": "{title} {episode}",
        "anime_query": "EXTRA",
        "base_url": "http://www.1337x.to/search/QUERY/1/",
        "color": "FFF14E13",
        "general_extra": "",
        "general_keywords": "{title}",
        "general_query": "EXTRA",
        "language": null,
        "login_failed": "",
        "login_object": "",
        "login_path": null,
        "movie_extra": "",
        "movie_keywords": "{title} {year}",
        "movie_query": "EXTRA",
        "name": "1337x",
        "parser": {
            "infohash": "",
            "name": "item('a', order=2)",
            "peers": "item(tag='td', order=3)",
            "row": "find_once(tag='body').find_all('tr')",
            "seeds": "item(tag='td', order=2)",
            "size": "item(tag='td', order=5)",
            "torrent": "item(tag='a', attribute='href', order=2)"
        },
        "private": false,
        "season_extra": "",
        "season_extra2": "",
        "season_keywords": "{title} Season_{season}",
        "season_keywords2": "{title} Season{season}",
        "season_query": "EXTRA",
        "separator": "+",
        "show_query": "",
        "subpage": true,
        "tv_extra": "",
        "tv_extra2": "",
        "tv_keywords": "{title} s{season:2}e{episode:2}",
        "tv_keywords2": ""
    },
    "alphareign": {
        "anime_extra": "",
        "anime_keywords": "{title} {episode}",
        "anime_query": "&category=show",
        "base_url": "https://alphareign.se/?query=QUERYEXTRA&type=video&sort=seeders",
        "color": "FF555555",
        "general_extra": "",
        "general_keywords": "{title}",
        "general_query": "",
        "language": null,
        "login_failed": "Login",
        "login_object": "{'username': USERNAME,'password': PASSWORD,'csrf_name': csrf_name.group(1),'csrf_value': csrf_value.group(1)}",
        "login_path": "/login",
        "movie_extra": "",
        "movie_keywords": "{title} {year}",
        "movie_query": "&category=movie",
        "name": "AlphaReign",
        "parser": {
            "infohash": "",
            "name": "item(tag='a')",
            "peers": "item(tag='span', select=('class', 'btn-danger'))",
            "row": "find_all('div', ('class', 'result'))",
            "seeds": "item(tag='span', select=('class', 'btn-success'))",
            "size": "item(tag='span', select=('class', 'btn-info'))",
            "torrent": "item(tag='a', order=9, attribute='href')"
        },
        "private": true,
        "season_extra": "",
        "season_extra2": "",
        "season_keywords": "{title} Season_{season}",
        "season_keywords2": "{title} Season{season}",
        "season_query": "&category=show",
        "separator": "+",
        "show_query": "&category=show",
        "subpage": null,
        "tv_extra": "",
        "tv_extra2": "",
        "tv_keywords": "{title} s{season:2}e{episode:2}",
        "tv_keywords2": ""
    },
    "bitsnoop": {
        "anime_extra": "",
        "anime_keywords": "{title} {episode}",
        "anime_query": "video/QUERY/c/d/1/EXTRA",
        "base_url": "https://bitsnoop.com/search/",
        "color": "FFC5CB2E",
        "general_extra": "",
        "general_keywords": "{title}",
        "general_query": "all/QUERY/s/d/1/EXTRA",
        "language": null,
        "login_failed": "",
        "login_object": "",
        "login_path": null,
        "movie_extra": "",
        "movie_keywords": "{title} {year}",
        "movie_query": "video/QUERY/c/d/1/EXTRA",
        "name": "Bitsnoop",
        "parser": {
            "infohash": "",
            "name": "item('a')",
            "peers": "item(tag='span', select=('class', 'leechers'))",
            "row": "find_once('ol', ('id', 'torrents')).find_all('li')",
            "seeds": "item(tag='span', select=('class', 'seeders'))",
            "size": "item('td')",
            "torrent": "item(tag='a', attribute='href')"
        },
        "private": false,
        "season_extra": "",
        "season_extra2": "",
        "season_keywords": "{title} Season_{season}",
        "season_keywords2": "{title} Season{season}",
        "season_query": "video/QUERY/c/d/1/EXTRA",
        "separator": "+",
        "show_query": "video/QUERY/c/d/1/EXTRA",
        "subpage": true,
        "tv_extra": "",
        "tv_extra2": "",
        "tv_keywords": "{title} s{season:2}e{episode:2}",
        "tv_keywords2": ""
    },
    "btjunkie": {
        "anime_extra": "",
        "anime_keywords": "{title} {episode}",
        "anime_query": "video/type-anime/by-seed/desc/page1/QUERYEXTRA",
        "base_url": "http://btjunkie.eu/",
        "color": "FF3C6689",
        "general_extra": "",
        "general_keywords": "{title}",
        "general_query": "all/type-all/by-seed/desc/page1/QUERYEXTRA",
        "language": null,
        "login_failed": "",
        "login_object": "",
        "login_path": null,
        "movie_extra": "",
        "movie_keywords": "{title} {year}",
        "movie_query": "video/type-movies/by-seed/desc/page1/QUERYEXTRA",
        "name": "BTjunkie",
        "parser": {
            "infohash": "",
            "name": "item('h2')",
            "peers": "item(tag='td', select=('class', 'leech_td'))",
            "row": "find_all('tr', start=2)",
            "seeds": "item(tag='td', select=('class', 'seed_td'))",
            "size": "item(tag='td', select=('class', 'size_td'))",
            "torrent": "item(tag='td', select=('class', 'magnet_td'), attribute='data-href')"
        },
        "private": false,
        "season_extra": "",
        "season_extra2": "",
        "season_keywords": "{title} Season_{season}",
        "season_keywords2": "{title} Season{season}",
        "season_query": "video/type-tv/by-seed/desc/page1/QUERYEXTRA",
        "separator": "%20",
        "show_query": "video/type-tv/by-seed/desc/page1/QUERYEXTRA",
        "subpage": false,
        "tv_extra": "",
        "tv_extra2": "",
        "tv_keywords": "{title} s{season:2}e{episode:2}",
        "tv_keywords2": ""
    },
    "btstorrent": {
        "anime_extra": "",
        "anime_keywords": "{title} {episode}",
        "anime_query": "",
        "base_url": "http://www.btstorrent.cc/results_.php?q=QUERYEXTRA",
        "color": "FF585858",
        "general_extra": "",
        "general_keywords": "{title}",
        "general_query": "",
        "language": null,
        "login_failed": "",
        "login_object": "",
        "login_path": null,
        "movie_extra": "",
        "movie_keywords": "{title} {year}",
        "movie_query": "",
        "name": "Btstorrent",
        "parser": {
            "infohash": "",
            "name": "item('a')",
            "peers": "item(tag='td', select=('class' , 'tpeers'))",
            "row": "find_once('table', order=3).find_all('tr', start=2)",
            "seeds": null,
            "size": "item(tag='td', select=('class' , 'tsize'))",
            "torrent": "'/torrentdownload.php?id=%s' % item(tag='a',attribute='href', divider=('-tf', 1)).replace('.html', '')"
        },
        "private": false,
        "season_extra": "",
        "season_extra2": "",
        "season_keywords": "{title} Season_{season}",
        "season_keywords2": "{title} Season{season}",
        "season_query": "",
        "separator": "+",
        "show_query": "",
        "subpage": false,
        "tv_extra": "",
        "tv_extra2": "",
        "tv_keywords": "{title} s{season:2}e{episode:2}",
        "tv_keywords2": ""
    },
    "cpasbien": {
        "anime_extra": "",
        "anime_keywords": "{title} {episode}",
        "anime_query": "series/QUERYEXTRA.html",
        "base_url": "http://www.cpasbien.cm/recherche/",
        "color": "FFD1181E",
        "general_extra": "",
        "general_keywords": "{title}",
        "general_query": "QUERYEXTRA.html",
        "language": null,
        "login_failed": "",
        "login_object": "",
        "login_path": null,
        "movie_extra": "",
        "movie_keywords": "{title} {year}",
        "movie_query": "films/QUERYEXTRA.html",
        "name": "Cpasbien",
        "parser": {
            "infohash": "",
            "name": "item(tag='a')",
            "peers": "item(tag='div', order=3)",
            "row": "find_all('div', ('class', ['ligne0', 'ligne1']))",
            "seeds": "item(tag='div', order=2)",
            "size": "item(tag='div', order=1)",
            "torrent": "'/telechargement/%s' % item(tag='a', attribute='href', divider=('/', 6)).replace('.html', '.torrent')"
        },
        "private": false,
        "season_extra": "",
        "season_extra2": "",
        "season_keywords": "{title} Season_{season}",
        "season_keywords2": "{title} Season{season}",
        "season_query": "series/QUERYEXTRA.html",
        "separator": "-",
        "show_query": "series/QUERYEXTRA.html",
        "subpage": null,
        "tv_extra": "",
        "tv_extra2": "",
        "tv_keywords": "{title} s{season:2}e{episode:2}",
        "tv_keywords2": ""
    },
    "divxatope": {
        "anime_extra": "",
        "anime_keywords": "{title} {episode}",
        "anime_query": "",
        "base_url": "http://www.divxatope.com/buscar/descargas",
        "color": "FF00599D",
        "general_extra": "",
        "general_keywords": "{title}",
        "general_query": "",
        "language": "es",
        "login_failed": "",
        "login_object": "",
        "login_path": null,
        "movie_extra": "",
        "movie_keywords": "{title}",
        "movie_query": "",
        "name": "Divxatope",
        "parser": {
            "infohash": "",
            "name": "item(tag='h2')",
            "peers": "",
            "row": "find_once('ul', ('class', 'peliculas-box')).find_all('li')",
            "seeds": "",
            "size": "None",
            "torrent": "item(tag='a', attribute='href').replace('descargar/', 'torrent/')"
        },
        "private": false,
        "season_extra": "",
        "season_extra2": "",
        "season_keywords": "{title}",
        "season_keywords2": "",
        "season_query": "",
        "separator": "%20",
        "show_query": "",
        "subpage": false,
        "tv_extra": "",
        "tv_extra2": null,
        "tv_keywords": "{title} {season:2}x{episode:2}",
        "tv_keywords2": "{title:es} {season}x{episode:2}"
    },
    "elitetorrent": {
        "anime_extra": "",
        "anime_keywords": "{title} {episode}",
        "anime_query": "",
        "base_url": "http://www.elitetorrent.net/resultados/QUERYEXTRA",
        "color": "FF2C6EB1",
        "general_extra": "",
        "general_keywords": "{title}",
        "general_query": "",
        "language": "es",
        "login_failed": "",
        "login_object": "",
        "login_path": null,
        "movie_extra": "",
        "movie_keywords": "{title:es}",
        "movie_query": "",
        "name": "EliteTorrent",
        "parser": {
            "infohash": "",
            "name": "item(tag='img', attribute='title')",
            "peers": "",
            "row": "find_all('li')",
            "seeds": "",
            "size": "None",
            "torrent": "item(tag='a', attribute='href')"
        },
        "private": false,
        "season_extra": "",
        "season_extra2": "",
        "season_keywords": "{title}",
        "season_keywords2": "{title:es}",
        "season_query": "",
        "separator": "+",
        "show_query": "",
        "subpage": false,
        "tv_extra": "",
        "tv_extra2": "",
        "tv_keywords": "{title:es} {season:2}x{episode:2}",
        "tv_keywords2": ""
    },
    "extratorrent": {
        "anime_extra": "",
        "anime_keywords": "{title} {episode}",
        "anime_query": "new=1&search=QUERY&EXTRA&s_cat=1&srt=seeds&order=desc",
        "base_url": "http://extratorrent.cc/search/?",
        "color": "FF97D1F6",
        "general_extra": "",
        "general_keywords": "{title}",
        "general_query": "search=QUERY&EXTRA&new=1&srt=seeds&order=desc",
        "language": null,
        "login_failed": "",
        "login_object": "",
        "login_path": null,
        "movie_extra": "",
        "movie_keywords": "{title} {year}",
        "movie_query": "new=1&search=QUERY&EXTRA&s_cat=4&srt=seeds&order=desc",
        "name": "ExtraTorrent",
        "parser": {
            "infohash": "",
            "name": "item('td', order=3)",
            "peers": "item('td', order=7)",
            "row": "find_all('tr', ('class', ['tlr', 'tlz']))",
            "seeds": "item('td', order=6)",
            "size": "item('td', order=5)",
            "torrent": "item(tag='a', attribute='href').replace('torrent_', '')"
        },
        "private": false,
        "season_extra": "",
        "season_extra2": "",
        "season_keywords": "{title} Season_{season}",
        "season_keywords2": "{title} Season{season}",
        "season_query": "new=1&search=QUERY&EXTRA&s_cat=8&srt=seeds&order=desc",
        "separator": "+",
        "show_query": "new=1&search=QUERY&EXTRA&s_cat=8&srt=seeds&order=desc",
        "subpage": false,
        "tv_extra": "",
        "tv_extra2": "",
        "tv_keywords": "{title} s{season:2}e{episode:2}",
        "tv_keywords2": ""
    },
    "eztv": {
        "anime_extra": null,
        "anime_keywords": null,
        "anime_query": null,
        "base_url": "https://eztv.ag/search/QUERYEXTRA",
        "color": "FF0F559D",
        "general_extra": "",
        "general_keywords": "{title}",
        "general_query": "",
        "language": null,
        "login_failed": "",
        "login_object": "",
        "login_path": null,
        "movie_extra": null,
        "movie_keywords": null,
        "movie_query": null,
        "name": "EZTV",
        "parser": {
            "infohash": "",
            "name": "item(tag='td', order=2)",
            "peers": "",
            "row": "find_all('tr', ('class', 'forum_header_border'))",
            "seeds": "item(tag='td', order=6)",
            "size": "item(tag='td', order=4)",
            "torrent": "item(tag='a', attribute='href', order=3)"
        },
        "private": false,
        "season_extra": "",
        "season_extra2": "",
        "season_keywords": "{title} S{season:2}",
        "season_keywords2": "",
        "season_query": "",
        "separator": "-",
        "show_query": "",
        "subpage": false,
        "tv_extra": "",
        "tv_extra2": "",
        "tv_keywords": "{title} s{season:2}e{episode:2}",
        "tv_keywords2": ""
    },
    "filelist": {
        "anime_extra": "",
        "anime_keywords": "{title} {episode}",
        "anime_query": "24&searchin=0&sort=0",
        "base_url": "http://filelist.ro/browse.php?search=QUERY&EXTRA&cat=",
        "color": "FF2E86CA",
        "general_extra": "",
        "general_keywords": "{title}",
        "general_query": "0&searchin=0&sort=0",
        "language": null,
        "login_failed": "Login esuat!",
        "login_object": "{'username': USERNAME, 'password': PASSWORD, 'unlock': '1'}",
        "login_path": "/takelogin.php",
        "movie_extra": "",
        "movie_keywords": "{title} {year}",
        "movie_query": "4&searchin=0&sort=0",
        "name": "FileList",
        "parser": {
            "infohash": "",
            "name": "item(tag='a', order=2)",
            "peers": "item(tag='span', order=10)",
            "row": "find_all('div', ('class', 'torrentrow'))",
            "seeds": "item(tag='span', order=9)",
            "size": "item(tag='span', order=7)",
            "torrent": "item(tag='a', attribute='href', order=3)"
        },
        "private": true,
        "season_extra": "",
        "season_extra2": "",
        "season_keywords": "{title} Season_{season}",
        "season_keywords2": "{title} Season{season}",
        "season_query": "21&searchin=0&sort=0",
        "separator": "+",
        "show_query": "21&searchin=0&sort=0",
        "subpage": true,
        "tv_extra": "",
        "tv_extra2": "",
        "tv_keywords": "{title} s{season:2}e{episode:2}",
        "tv_keywords2": ""
    },
    "finbytes": {
        "anime_extra": "",
        "anime_keywords": "{title} {episode}",
        "anime_query": "",
        "base_url": "http://finbytes.org/torrents/browse?search=QUERYEXTRA&incldead=0&namecontent=0",
        "color": "FF00176D",
        "general_extra": "",
        "general_keywords": "{title}",
        "general_query": "",
        "language": null,
        "login_failed": "Login failed",
        "login_object": "{'username': USERNAME, 'password': PASSWORD, 'submit': 'log in','pass': pass_value}",
        "login_path": "/login_take",
        "movie_extra": "",
        "movie_keywords": "{title} {year}",
        "movie_query": "",
        "name": "FinBytes",
        "parser": {
            "infohash": "",
            "name": "item(tag='a', order=2)",
            "peers": "item(tag='td', order=10)",
            "row": "find_once('table', ('id', 'torrent_table')).find_all('tr', every=2, start=3)",
            "seeds": "item(tag='td', order=9)",
            "size": "item(tag='td', order=2, divider=(',', 0))",
            "torrent": "item(tag='a', attribute='href', select=('class', 'index'))"
        },
        "private": true,
        "season_extra": "",
        "season_extra2": "",
        "season_keywords": "{title} Season_{season}",
        "season_keywords2": "{title} Season{season}",
        "season_query": "",
        "separator": "+",
        "show_query": "",
        "subpage": true,
        "tv_extra": "",
        "tv_extra2": "",
        "tv_keywords": "{title} s{season:2}e{episode:2}",
        "tv_keywords2": ""
    },
    "freshon.tv": {
        "anime_extra": "",
        "anime_keywords": "{title} {episode}",
        "anime_query": "&cat=235&words=0&incldead=0",
        "base_url": "https://freshon.tv/browse.php?search=QUERY",
        "color": "FF88681E",
        "general_extra": "",
        "general_keywords": "{title}",
        "general_query": "",
        "language": null,
        "login_failed": "Login esuat!",
        "login_object": "{'username': USERNAME, 'password': PASSWORD, 'unlock': '1'}",
        "login_path": "/login.php?action=makelogin",
        "movie_extra": null,
        "movie_keywords": null,
        "movie_query": null,
        "name": "Tv Torrents.ro",
        "parser": {
            "infohash": "",
            "name": "item(tag='a', order=2)",
            "peers": "item(tag='td', order=9)",
            "row": "find_all('tr', ('class', ['torrent_1', 'torrent_2']))",
            "seeds": "item(tag='td', order=8)",
            "size": "item(tag='td', order=6)",
            "torrent": "item(tag='a', order=2, select=('class', 'link'), attribute='href')"
        },
        "private": true,
        "season_extra": "",
        "season_extra2": "",
        "season_keywords": "{title} Season_{season}",
        "season_keywords2": "{title} Season{season}",
        "season_query": "",
        "separator": "+",
        "show_query": "",
        "subpage": true,
        "tv_extra": "",
        "tv_extra2": "",
        "tv_keywords": "{title} s{season:2}e{episode:2}",
        "tv_keywords2": ""
    },
    "gimmepeers": {
        "anime_extra": "",
        "anime_keywords": "{title} {episode}",
        "anime_query": "",
        "base_url": "https://www.gimmepeers.com/browse.php?search=QUERYEXTRA&cat=0&blah=0",
        "color": "FFEF7F00",
        "general_extra": "",
        "general_keywords": "{title}",
        "general_query": "",
        "language": null,
        "login_failed": "Login failed!",
        "login_object": "{'username': USERNAME, 'password': PASSWORD}",
        "login_path": "/takelogin.php",
        "movie_extra": "",
        "movie_keywords": "{title} {year}",
        "movie_query": "",
        "name": "GimmePeers",
        "parser": {
            "infohash": "",
            "name": "item(tag='a', order=2)",
            "peers": "item(tag='td', order=12)",
            "row": "find_once('table', ('class', 'browsetable')).find_all('tr', start=2)",
            "seeds": "item(tag='td', order=11)",
            "size": "item(tag='td', order=6)",
            "torrent": "item(tag='a', attribute='href', select=('title', 'Download'))"
        },
        "private": true,
        "season_extra": "",
        "season_extra2": "",
        "season_keywords": "{title} Season_{season}",
        "season_keywords2": "{title} Season{season}",
        "season_query": "",
        "separator": "+",
        "show_query": "",
        "subpage": true,
        "tv_extra": "",
        "tv_extra2": "",
        "tv_keywords": "{title} s{season:2}e{episode:2}",
        "tv_keywords2": ""
    },
    "glotorrents": {
        "anime_extra": "",
        "anime_keywords": "{title} {episode}",
        "anime_query": "28&incldead=0&inclexternal=0&lang=0&sort=seeders&order=desc",
        "base_url": "http://glodls.to/search_results.php?search=QUERY&EXTRA&cat=",
        "color": "FF88681E",
        "general_extra": "",
        "general_keywords": "{title}",
        "general_query": "0&incldead=0&inclexternal=0&lang=0&sort=seeders&order=desc",
        "language": null,
        "login_failed": "",
        "login_object": "",
        "login_path": null,
        "movie_extra": "",
        "movie_keywords": "{title} {year}",
        "movie_query": "1&incldead=0&inclexternal=0&lang=0&sort=seeders&order=desc",
        "name": "GloTorrents",
        "parser": {
            "infohash": "",
            "name": "item(tag='a', order=3)",
            "peers": "item(tag='td', order=7)",
            "row": "find_all('tr', ('class', 't-row'), every=2)",
            "seeds": "item(tag='td', order=6)",
            "size": "item(tag='td', order=5)",
            "torrent": "item(tag='a', order=5, attribute='href')"
        },
        "private": false,
        "season_extra": "",
        "season_extra2": "",
        "season_keywords": "{title} Season_{season}",
        "season_keywords2": "{title} Season{season}",
        "season_query": "41&incldead=0&inclexternal=0&lang=0&sort=seeders&order=desc",
        "separator": "+",
        "show_query": "41&incldead=0&inclexternal=0&lang=0&sort=seeders&order=desc",
        "subpage": null,
        "tv_extra": "",
        "tv_extra2": "",
        "tv_keywords": "{title} s{season:2}e{episode:2}",
        "tv_keywords2": ""
    },
    "idope": {
        "anime_extra": "",
        "anime_keywords": "{title} {episode}",
        "anime_query": "4",
        "base_url": "https://www.idope.se/torrent/QUERYEXTRA/?&c=",
        "color": "FF017BD4",
        "general_extra": "",
        "general_keywords": "{title}",
        "general_query": "2",
        "language": null,
        "login_failed": "",
        "login_object": "",
        "login_path": null,
        "movie_extra": "",
        "movie_keywords": "{title} {year}",
        "movie_query": "1",
        "name": "idope",
        "parser": {
            "infohash": "item(tag='div', select=('class', 'hideinfohash'))",
            "name": "item('a')",
            "peers": "",
            "row": "find_all(tag='div', select=('class', 'resultdiv'))",
            "seeds": "item(tag='div', select=('class', 'resultdivbottonseed'))",
            "size": "item(tag='div', select=('class', 'resultdivbottonlength'))",
            "torrent": ""
        },
        "private": false,
        "season_extra": "",
        "season_extra2": "",
        "season_keywords": "{title} Season_{season}",
        "season_keywords2": "{title} Season{season}",
        "season_query": "3",
        "separator": "%20",
        "show_query": "3",
        "subpage": false,
        "tv_extra": "",
        "tv_extra2": "",
        "tv_keywords": "{title} s{season:2}e{episode:2}",
        "tv_keywords2": ""
    },
    "ilcorsaronero": {
        "anime_extra": "",
        "anime_keywords": "{title} {episode}",
        "anime_query": "",
        "base_url": "http://ilcorsaronero.info/argh.php?search=QUERYEXTRA",
        "color": "FF919232",
        "general_extra": "",
        "general_keywords": "{title}",
        "general_query": "",
        "language": "it",
        "login_failed": "",
        "login_object": "",
        "login_path": null,
        "movie_extra": "",
        "movie_keywords": "{title} {year}",
        "movie_query": "",
        "name": "Ilcorsaronero",
        "parser": {
            "infohash": "item(tag='input', attribute='value')",
            "name": "item('a', order=2)",
            "peers": "item(tag='td', order=6)",
            "row": "find_all('tr', ('class', ['odd', 'odd2']))",
            "seeds": "item(tag='td', order=5)",
            "size": "item(tag='td', order=2)",
            "torrent": ""
        },
        "private": false,
        "season_extra": "",
        "season_extra2": "",
        "season_keywords": "{title} S{season:2}",
        "season_keywords2": "",
        "season_query": "",
        "separator": "+",
        "show_query": "",
        "subpage": false,
        "tv_extra": "",
        "tv_extra2": "",
        "tv_keywords": "{title} s{season:2}e{episode:2}",
        "tv_keywords2": ""
    },
    "kickass": {
        "anime_extra": "",
        "anime_keywords": "{title} {episode}",
        "anime_query": "%20category:anime/?field=seeders&sorder=desc&QUERY",
        "base_url": "http://kickass.cd/usearch/QUERY",
        "color": "FFFEDF64",
        "general_extra": "",
        "general_keywords": "{title}",
        "general_query": "/?field=seeders&sorder=desc&QUERY",
        "language": null,
        "login_failed": "",
        "login_object": "",
        "login_path": null,
        "movie_extra": "",
        "movie_keywords": "{title} {year}",
        "movie_query": "%20category:movies/?field=seeders&sorder=desc&QUERY",
        "name": "KickAss",
        "parser": {
            "infohash": "",
            "name": "item(tag='a', order=7)",
            "peers": "item(tag='td', order=5)",
            "row": "find_all(tag='tr', select=('class', ['even', 'odd']))",
            "seeds": "item(tag='td', order=4)",
            "size": "item(tag='td', order=2)",
            "torrent": "item(tag='a', order=3, attribute='href')"
        },
        "private": false,
        "season_extra": "",
        "season_extra2": "",
        "season_keywords": "{title} Season_{season}",
        "season_keywords2": "{title} Season{season}",
        "season_query": "%20category:tv/?field=seeders&sorder=desc&QUERY",
        "separator": "%20",
        "show_query": "%20category:tv/?field=seeders&sorder=desc&QUERY",
        "subpage": null,
        "tv_extra": "",
        "tv_extra2": "",
        "tv_keywords": "{title} s{season:2}e{episode:2}",
        "tv_keywords2": ""
    },
    "magnetdl": {
        "anime_extra": "",
        "anime_keywords": "{title} {episode}",
        "anime_query": "",
        "base_url": "http://www.magnetdl.com/search/EXTRA",
        "color": "FF017BD4",
        "general_extra": "",
        "general_keywords": "{title}",
        "general_query": "",
        "language": null,
        "login_failed": "",
        "login_object": "",
        "login_path": null,
        "movie_extra": "",
        "movie_keywords": "{title} {year}",
        "movie_query": "",
        "name": "Magnetdl",
        "parser": {
            "infohash": "",
            "name": "item('a', order=2)",
            "peers": "item(tag='td', order=8)",
            "row": "find_all('tr', every=2, start=2)",
            "seeds": "item(tag='td', order=7)",
            "size": "item(tag='td', order=6)",
            "torrent": "item(tag='a', attribute='href')"
        },
        "private": false,
        "season_extra": "",
        "season_extra2": "",
        "season_keywords": "{title} Season_{season}",
        "season_keywords2": "{title} Season{season}",
        "season_query": "",
        "separator": "%20",
        "show_query": "",
        "subpage": false,
        "tv_extra": "",
        "tv_extra2": "",
        "tv_keywords": "{title} s{season:2}e{episode:2}",
        "tv_keywords2": ""
    },
    "monova": {
        "anime_extra": "",
        "anime_keywords": "{title} {episode}",
        "anime_query": "",
        "base_url": "https://monova.org/search?term=QUERYEXTRA",
        "color": "FF003E74",
        "general_extra": "",
        "general_keywords": "{title}",
        "general_query": "",
        "language": null,
        "login_failed": "",
        "login_object": "",
        "login_path": null,
        "movie_extra": "",
        "movie_keywords": "{title} {year}",
        "movie_query": "",
        "name": "Monova",
        "parser": {
            "infohash": "",
            "name": "item('a')",
            "peers": "item(tag='td', order=4)",
            "row": "find_all(tag='tr')",
            "seeds": "item(tag='td', order=3)",
            "size": "item(tag='td', order=2)",
            "torrent": "item(tag='a', attribute='href')"
        },
        "private": false,
        "season_extra": "",
        "season_extra2": "",
        "season_keywords": "{title} Season_{season}",
        "season_keywords2": "{title} Season{season}",
        "season_query": "",
        "separator": "+",
        "show_query": "",
        "subpage": true,
        "tv_extra": "",
        "tv_extra2": "",
        "tv_keywords": "{title} s{season:2}e{episode:2}",
        "tv_keywords2": ""
    },
    "myxzorg": {
        "anime_extra": "",
        "anime_keywords": "{title} {episode}",
        "anime_query": "&genre=0&incldead=0&c3=1",
        "base_url": "http://www.myxz.org/browse.php?search=QUERY",
        "color": "FFD1181E",
        "general_extra": "",
        "general_keywords": "{title}",
        "general_query": "",
        "language": null,
        "login_failed": "Login esuat!",
        "login_object": "{'username': USERNAME, 'password': PASSWORD, 'unlock': '1'}",
        "login_path": "/takelogin.php",
        "movie_extra": "",
        "movie_keywords": "{title} {year}",
        "movie_query": "&genre=0&incldead=0&c7=1&c17=1&c8=1&c38=1&c10=1",
        "name": "XtremeZone",
        "parser": {
            "infohash": "",
            "name": "item(tag='a', order=2)",
            "peers": "item(tag='td', order=9)",
            "row": "find_all('tr', ('class', 'browse'))",
            "seeds": "item(tag='td', order=8)",
            "size": "item(tag='td', order=6)",
            "torrent": "item(tag='a', attribute='href', order=4)"
        },
        "private": true,
        "season_extra": "",
        "season_extra2": "",
        "season_keywords": "{title} Season_{season}",
        "season_keywords2": "{title} Season{season}",
        "season_query": "&genre=0&incldead=0&c41=1",
        "separator": "+",
        "show_query": "&genre=0&incldead=0&c41=1&c43=1&c45=1",
        "subpage": true,
        "tv_extra": "",
        "tv_extra2": "",
        "tv_keywords": "{title} s{season:2}e{episode:2}",
        "tv_keywords2": ""
    },
    "nextorrent": {
        "anime_extra": "",
        "anime_keywords": "{title} {episode}",
        "anime_query": "",
        "base_url": "http://www.nextorrent.net/torrents/recherche/QUERYEXTRA",
        "color": "FFDADADA",
        "general_extra": "",
        "general_keywords": "{title}",
        "general_query": "",
        "language": "fr",
        "login_failed": "",
        "login_object": "",
        "login_path": null,
        "movie_extra": "",
        "movie_keywords": "{title}",
        "movie_query": "",
        "name": "Nextorrent",
        "parser": {
            "infohash": "",
            "name": "item('a', order=2)",
            "peers": "item(tag='td', order=4)",
            "row": "find_once(tag='body').find_all('tr')",
            "seeds": "item(tag='td', order=3)",
            "size": "item(tag='td', order=2)",
            "torrent": "item(tag='a', attribute='href', order=2)"
        },
        "private": false,
        "season_extra": "",
        "season_extra2": "",
        "season_keywords": "{title} Season_{season}",
        "season_keywords2": "{title} Season{season}",
        "season_query": "",
        "separator": "%20",
        "show_query": "",
        "subpage": true,
        "tv_extra": "",
        "tv_extra2": "",
        "tv_keywords": "{title} s{season:2}e{episode:2}",
        "tv_keywords2": ""
    },
    "nyaa": {
        "anime_extra": "",
        "anime_keywords": "{title} {episode}",
        "anime_query": "",
        "base_url": "http://www.nyaa.se/?page=search&cats=1_0&term=QUERY&EXTRA&sort=2",
        "color": "FF88D201",
        "general_extra": "",
        "general_keywords": "{title}",
        "general_query": "",
        "language": null,
        "login_failed": "",
        "login_object": "",
        "login_path": null,
        "movie_extra": "",
        "movie_keywords": "{title} {year}",
        "movie_query": "",
        "name": "Nyaa",
        "parser": {
            "infohash": "",
            "name": "item(tag='td', order=2)",
            "peers": "item(tag='td', order=6)",
            "row": "find_all('tr', ('class', 'tlistrow'))",
            "seeds": "item(tag='td', order=5)",
            "size": "item(tag='td', order=4)",
            "torrent": "item(tag='a', attribute='href', order=3).replace('//www', 'www')"
        },
        "private": false,
        "season_extra": "",
        "season_extra2": "",
        "season_keywords": "{title} Season_{season}",
        "season_keywords2": "{title} Season{season}",
        "season_query": "",
        "separator": "+",
        "show_query": "",
        "subpage": null,
        "tv_extra": "",
        "tv_extra2": "",
        "tv_keywords": "{title} s{season:2}e{episode:2}",
        "tv_keywords2": ""
    },
    "rarbg": {
        "anime_extra": null,
        "anime_keywords": "{title} {episode}",
        "anime_query": "",
        "base_url": "http://torrentapi.org/pubapi_v2.php",
        "color": "FF3860BB",
        "general_extra": null,
        "general_keywords": "{title}",
        "general_query": "",
        "language": null,
        "login_failed": "",
        "login_object": "",
        "login_path": null,
        "movie_extra": null,
        "movie_keywords": "{title} {year}",
        "movie_query": "",
        "name": "RARBG",
        "parser": {
            "infohash": null,
            "name": null,
            "peers": null,
            "row": null,
            "seeds": null,
            "size": null,
            "torrent": null
        },
        "private": false,
        "season_extra": null,
        "season_extra2": null,
        "season_keywords": null,
        "season_keywords2": null,
        "season_query": null,
        "separator": "+",
        "show_query": "",
        "subpage": null,
        "tv_extra": null,
        "tv_extra2": null,
        "tv_keywords": "{title} s{season:2}e{episode:2}",
        "tv_keywords2": null
    },
    "ruhunt": {
        "anime_extra": "",
        "anime_keywords": "{title} {episode}",
        "anime_query": "",
        "base_url": "http://ruhunt.org/search?q=QUERY&EXTRA&i=s&tag=video",
        "color": "FF79BBFF",
        "general_extra": "",
        "general_keywords": "{title}",
        "general_query": "",
        "language": "ru",
        "login_failed": "",
        "login_object": "",
        "login_path": null,
        "movie_extra": "",
        "movie_keywords": "{title} {year}",
        "movie_query": "",
        "name": "Ruhunt",
        "parser": {
            "infohash": "",
            "name": "item(tag='td', order=2)",
            "peers": "item(tag='td', order=6)",
            "row": "find_once(tag='table', select=('id', 'torrents'), order=1).find_all(tag='tr')",
            "seeds": "item(tag='td', order=5)",
            "size": "item(tag='td', order=4)",
            "torrent": "item(tag='a', attribute='href')"
        },
        "private": false,
        "season_extra": "",
        "season_extra2": "",
        "season_keywords": "{title} \u0441\u0435\u0437\u043e\u043d {season}",
        "season_keywords2": "{title} S[{season:2}]",
        "season_query": "",
        "separator": "+",
        "show_query": "",
        "subpage": null,
        "tv_extra": "",
        "tv_extra2": "",
        "tv_keywords": "{title} s{season:2}e{episode:2}",
        "tv_keywords2": "{title} \u0441\u0435\u0437\u043e\u043d {season}"
    },
    "rutor": {
        "anime_extra": "",
        "anime_keywords": "{title} {episode}",
        "anime_query": "0/10/000/0/QUERYEXTRA",
        "base_url": "http://rutor.info/search/",
        "color": "FFFFDE00",
        "general_extra": "",
        "general_keywords": "{title}",
        "general_query": "QUERYEXTRA",
        "language": "ru",
        "login_failed": "",
        "login_object": "",
        "login_path": null,
        "movie_extra": "",
        "movie_keywords": "{title} {year}",
        "movie_query": "0/1/000/0/QUERYEXTRA",
        "name": "Rutor",
        "parser": {
            "infohash": "",
            "name": "item(tag='td', order=2)",
            "peers": "item(tag='span', order=2)",
            "row": "find_once('table', order=3).find_all('tr')",
            "seeds": "item(tag='span', order=1)",
            "size": "item(tag='td', order=4)",
            "torrent": "item(tag='a', order=2, attribute='href')"
        },
        "private": false,
        "season_extra": "",
        "season_extra2": "",
        "season_keywords": "{title} \u0441\u0435\u0437\u043e\u043d {season}",
        "season_keywords2": "{title} S[{season:2}]",
        "season_query": "0/4/000/0/QUERYEXTRA",
        "separator": "%20",
        "show_query": "0/4/000/0/QUERYEXTRA",
        "subpage": null,
        "tv_extra": "",
        "tv_extra2": "",
        "tv_keywords": "{title} s{season:2}e{episode:2}",
        "tv_keywords2": "{title} \u0441\u0435\u0437\u043e\u043d {season}"
    },
    "t411": {
        "anime_extra": "",
        "anime_keywords": "{title} {episode}",
        "anime_query": "455&order=seeders&type=desc",
        "base_url": "http://www.t411.li/torrents/search/?search=QUERY&EXTRA&subcat=",
        "color": "FF0071AF",
        "general_extra": "",
        "general_keywords": "{title}",
        "general_query": "0&order=seeders&type=desc",
        "language": null,
        "login_failed": "Mot de passe incorrect",
        "login_object": "{'login': USERNAME, 'password': PASSWORD, 'remember': '1', 'url': '/'}",
        "login_path": "/users/login/",
        "movie_extra": "",
        "movie_keywords": "{title} {year}",
        "movie_query": "631&order=seeders&type=desc",
        "name": "T411",
        "parser": {
            "infohash": "",
            "name": "item(tag='a', order=2)",
            "peers": "item(tag='td', order=8)",
            "row": "find_all('tr', start=2)",
            "seeds": "item(tag='td', order=7)",
            "size": "item(tag='td', order=6)",
            "torrent": "item(tag='a', attribute='href', order=2)"
        },
        "private": true,
        "season_extra": "term[45][]={season+967}&term[46][]=936",
        "season_extra2": "",
        "season_keywords": "{title}",
        "season_keywords2": "",
        "season_query": "433&order=seeders&type=desc",
        "separator": "+",
        "show_query": "433&order=seeders&type=desc",
        "subpage": true,
        "tv_extra": "term[45][]={season+967}&term[46][]={episode+936}",
        "tv_extra2": "",
        "tv_keywords": "{title}",
        "tv_keywords2": ""
    },
    "thepiratebay": {
        "anime_extra": "",
        "anime_keywords": "{title} {episode}",
        "anime_query": "200",
        "base_url": "https://thepiratebay.org/search/QUERY/0/99/",
        "color": "FF5A3C22",
        "general_extra": "",
        "general_keywords": "{title}",
        "general_query": "0",
        "language": null,
        "login_failed": "",
        "login_object": "",
        "login_path": null,
        "movie_extra": "",
        "movie_keywords": "{title} {year}",
        "movie_query": "200",
        "name": "The Pirate Bay",
        "parser": {
            "infohash": "",
            "name": "item('div')",
            "peers": "item(tag='td', order=4)",
            "row": "find_all('tr')",
            "seeds": "item(tag='td', order=3)",
            "size": "item(tag='font', divider=(' ', 3))",
            "torrent": "item(tag='a', attribute='href', order=4)"
        },
        "private": false,
        "season_extra": "",
        "season_extra2": "",
        "season_keywords": "{title} Season_{season}",
        "season_keywords2": "{title} Season{season}",
        "season_query": "200",
        "separator": "%20",
        "show_query": "200",
        "subpage": null,
        "tv_extra": "",
        "tv_extra2": "",
        "tv_keywords": "{title} s{season:2}e{episode:2}",
        "tv_keywords2": ""
    },
    "torlock": {
        "anime_extra": "",
        "anime_keywords": "{title} {episode}",
        "anime_query": "anime/torrents/QUERYEXTRA.html",
        "base_url": "https://www.torlock.com/",
        "color": "FFE8C233",
        "general_extra": "",
        "general_keywords": "{title}",
        "general_query": "all/torrents/QUERYEXTRA.html",
        "language": null,
        "login_failed": "",
        "login_object": "",
        "login_path": null,
        "movie_extra": "",
        "movie_keywords": "{title} {year}",
        "movie_query": "movie/torrents/QUERYEXTRA.html",
        "name": "TorLock",
        "parser": {
            "infohash": "",
            "name": "item('a')",
            "peers": "item(tag='td', order=5)",
            "row": "find_once('table', order=4).find_all('tr')",
            "seeds": "item(tag='td', order=4)",
            "size": "item(tag='td', order=3)",
            "torrent": "'/tor/%s.torrent' % item(tag='a', attribute='href', divider=('/', 2))"
        },
        "private": false,
        "season_extra": "",
        "season_extra2": "",
        "season_keywords": "{title} Season_{season}",
        "season_keywords2": "{title} Season{season}",
        "season_query": "television/torrents/QUERYEXTRA.html",
        "separator": "-",
        "show_query": "television/torrents/QUERYEXTRA.html",
        "subpage": false,
        "tv_extra": "",
        "tv_extra2": "",
        "tv_keywords": "{title} s{season:2}e{episode:2}",
        "tv_keywords2": ""
    },
    "torrent9": {
        "anime_extra": "",
        "anime_keywords": "{title} {episode}",
        "anime_query": "",
        "base_url": "http://www.torrent9.biz/search_torrent/QUERYEXTRA.html,trie-seeds-d",
        "color": "FF277A9C",
        "general_extra": "",
        "general_keywords": "{title}",
        "general_query": "",
        "language": "fr",
        "login_failed": "",
        "login_object": "",
        "login_path": null,
        "movie_extra": "",
        "movie_keywords": "{title}",
        "movie_query": "",
        "name": "Torrent9",
        "parser": {
            "infohash": "",
            "name": "item('a')",
            "peers": "item(tag='td', order=4)",
            "row": "find_all('tr', start=2)",
            "seeds": "item(tag='td', order=3)",
            "size": "item(tag='td', order=2)",
            "torrent": "item(tag='a', attribute='href', order=1).replace('/torrent/', '/get_torrent/')+'.torrent'"
        },
        "private": false,
        "season_extra": "",
        "season_extra2": "",
        "season_keywords": "{title} Season_{season}",
        "season_keywords2": "{title} Season{season}",
        "season_query": "",
        "separator": "-",
        "show_query": "",
        "subpage": true,
        "tv_extra": "",
        "tv_extra2": "",
        "tv_keywords": "{title} s{season:2}e{episode:2}",
        "tv_keywords2": ""
    },
    "torrentdownloads": {
        "anime_extra": "",
        "anime_keywords": "{title} {episode}",
        "anime_query": "",
        "base_url": "https://www.torrentdownloads.me/search/?search=QUERYEXTRA",
        "color": "FFB74F1A",
        "general_extra": "",
        "general_keywords": "{title}",
        "general_query": "",
        "language": null,
        "login_failed": "",
        "login_object": "",
        "login_path": null,
        "movie_extra": "",
        "movie_keywords": "{title} {year}",
        "movie_query": "",
        "name": "TorrentDownloads",
        "parser": {
            "infohash": "",
            "name": "item('a')",
            "peers": "item(tag='span', order=2)",
            "row": "find_all('div', ('class', 'grey_bar3'))",
            "seeds": "item(tag='span', order=3)",
            "size": "item(tag='span', order=4)",
            "torrent": "item(tag='a', attribute='href')"
        },
        "private": false,
        "season_extra": "",
        "season_extra2": "",
        "season_keywords": "{title} Season_{season}",
        "season_keywords2": "{title} Season{season}",
        "season_query": "",
        "separator": "+",
        "show_query": "",
        "subpage": true,
        "tv_extra": "",
        "tv_extra2": "",
        "tv_keywords": "{title} s{season:2}e{episode:2}",
        "tv_keywords2": ""
    },
    "torrentfunk": {
        "anime_extra": "",
        "anime_keywords": "{title} {episode}",
        "anime_query": "anime/torrents/QUERYEXTRA.html",
        "base_url": "https://www.torrentfunk.com/",
        "color": "FF8FC400",
        "general_extra": "",
        "general_keywords": "{title}",
        "general_query": "all/torrents/QUERYEXTRA.html",
        "language": null,
        "login_failed": "",
        "login_object": "",
        "login_path": null,
        "movie_extra": "",
        "movie_keywords": "{title} {year}",
        "movie_query": "movie/torrents/QUERYEXTRA.html",
        "name": "TorrentFunk",
        "parser": {
            "infohash": "",
            "name": "item('a')",
            "peers": "item(tag='td', order=5)",
            "row": "find_once('table', order=4).find_all('tr')",
            "seeds": "item(tag='td', order=4)",
            "size": "item(tag='td', order=3)",
            "torrent": "'/tor/%s.torrent' % item(tag='a', attribute='href', divider=('/', 2))"
        },
        "private": false,
        "season_extra": "",
        "season_extra2": "",
        "season_keywords": "{title} Season_{season}",
        "season_keywords2": "{title} Season{season}",
        "season_query": "television/torrents/QUERYEXTRA.html",
        "separator": "-",
        "show_query": "television/torrents/QUERYEXTRA.html",
        "subpage": false,
        "tv_extra": "",
        "tv_extra2": "",
        "tv_keywords": "{title} s{season:2}e{episode:2}",
        "tv_keywords2": ""
    },
    "torrentleech": {
        "anime_extra": "",
        "anime_keywords": "{title} {episode}",
        "anime_query": "/categories/34",
        "base_url": "https://www.torrentleech.org/torrents/browse/index/query/QUERY",
        "color": "FF076700",
        "general_extra": "",
        "general_keywords": "{title}",
        "general_query": "",
        "language": null,
        "login_failed": "Invalid",
        "login_object": "{'username': USERNAME, 'password': PASSWORD}",
        "login_path": "/user/account/login/",
        "movie_extra": "",
        "movie_keywords": "{title} {year}",
        "movie_query": "/newfilter/2/facets/category%253AMovies",
        "name": "TorrentLeech",
        "parser": {
            "infohash": "",
            "name": "item(tag='a', order=2)",
            "peers": "item(tag='td', order=8)",
            "row": "find_once('table', ('id', 'torrenttable')).find_all('tr')",
            "seeds": "item(tag='td', order=7)",
            "size": "item(tag='td', order=5)",
            "torrent": "item(tag='a', attribute='href', order=5)"
        },
        "private": true,
        "season_extra": "",
        "season_extra2": "",
        "season_keywords": "{title} Season_{season}",
        "season_keywords2": "{title} Season{season}",
        "season_query": "/newfilter/2/facets/category%253ATV",
        "separator": "%20",
        "show_query": "/newfilter/2/facets/category%253ATV",
        "subpage": true,
        "tv_extra": "",
        "tv_extra2": "",
        "tv_keywords": "{title} s{season:2}e{episode:2}",
        "tv_keywords2": ""
    },
    "torrentz": {
        "anime_extra": "",
        "anime_keywords": "{title} {episode}",
        "anime_query": "",
        "base_url": "https://torrentz2.eu/search?f=QUERYEXTRA",
        "color": "FFFFB090",
        "general_extra": "",
        "general_keywords": "{title}",
        "general_query": "",
        "language": null,
        "login_failed": "",
        "login_object": "",
        "login_path": null,
        "movie_extra": "",
        "movie_keywords": "{title} {year}",
        "movie_query": "",
        "name": "TorrentZ",
        "parser": {
            "infohash": "item(tag='a', attribute='href', divider=('/', 1))",
            "name": "item('a')",
            "peers": "item(tag='span', order=5)",
            "row": "find_once('div', ('class', 'results')).find_all('dl')",
            "seeds": "item(tag='span', order=4)",
            "size": "item(tag='span', order=3)",
            "torrent": ""
        },
        "private": false,
        "season_extra": "",
        "season_extra2": "",
        "season_keywords": "{title} Season_{season}",
        "season_keywords2": "{title} Season{season}",
        "season_query": "",
        "separator": "%20",
        "show_query": "",
        "subpage": false,
        "tv_extra": "",
        "tv_extra2": "",
        "tv_keywords": "{title} s{season:2}e{episode:2}",
        "tv_keywords2": ""
    },
    "uhdbits": {
        "anime_extra": "",
        "anime_keywords": "{title} {episode}",
        "anime_query": "",
        "base_url": "https://uhdbits.org/torrents.php?searchstr=QUERYEXTRA",
        "color": "FF2E86CA",
        "general_extra": "",
        "general_keywords": "{title}",
        "general_query": "",
        "language": null,
        "login_failed": "Your username or password was incorrect",
        "login_object": "{'username': USERNAME, 'password': PASSWORD, 'keeplogged': '1', 'login': 'Log in'}",
        "login_path": "/login.php",
        "movie_extra": "",
        "movie_keywords": "{title} {year}",
        "movie_query": "",
        "name": "UhdBits",
        "parser": {
            "infohash": "",
            "name": "item(tag='a', order=3)",
            "peers": "item(tag='td', order=9)",
            "row": "find_all('tr', ('class', 'group_torrent'))",
            "seeds": "item(tag='td', order=8)",
            "size": "item(tag='td', order=6)",
            "torrent": "item(tag='a', attribute='href', order=1)"
        },
        "private": true,
        "season_extra": "",
        "season_extra2": "",
        "season_keywords": "{title} Season_{season}",
        "season_keywords2": "{title} Season{season}",
        "season_query": "",
        "separator": "+",
        "show_query": "",
        "subpage": true,
        "tv_extra": "",
        "tv_extra2": "",
        "tv_keywords": "{title} s{season:2}e{episode:2}",
        "tv_keywords2": ""
    },
    "yourbittorrent": {
        "anime_extra": "",
        "anime_keywords": "{title} {episode}",
        "anime_query": "",
        "base_url": "https://yourbittorrent.com/?q=QUERYEXTRA",
        "color": "FF4A86B8",
        "general_extra": "",
        "general_keywords": "{title}",
        "general_query": "",
        "language": null,
        "login_failed": "",
        "login_object": "",
        "login_path": null,
        "movie_extra": "",
        "movie_keywords": "{title} {year}",
        "movie_query": "",
        "name": "YourBitTorrent",
        "parser": {
            "infohash": "",
            "name": "item('a')",
            "peers": "item(tag='td', order=5)",
            "row": "find_once('table', ('class', 'bordered'), order=2).find_all('tr')",
            "seeds": "item(tag='td', order=4)",
            "size": "item(tag='td', order=2)",
            "torrent": "'/down/%s.torrent' % item(tag='a', attribute='href', divider=('/', 2))"
        },
        "private": false,
        "season_extra": "",
        "season_extra2": "",
        "season_keywords": "{title} Season_{season}",
        "season_keywords2": "{title} Season{season}",
        "season_query": "",
        "separator": "+",
        "show_query": "",
        "subpage": false,
        "tv_extra": "",
        "tv_extra2": "",
        "tv_keywords": "{title} s{season:2}e{episode:2}",
        "tv_keywords2": ""
    },
    "yts": {
        "anime_extra": null,
        "anime_keywords": null,
        "anime_query": null,
        "base_url": "https://yts.ag/movie/QUERY",
        "color": "FF6AC045",
        "general_extra": null,
        "general_keywords": "{title}",
        "general_query": "",
        "language": null,
        "login_failed": "",
        "login_object": "",
        "login_path": null,
        "movie_extra": null,
        "movie_keywords": "{title} {year}",
        "movie_query": "",
        "name": "YTS",
        "parser": {
            "infohash": null,
            "name": null,
            "peers": null,
            "row": null,
            "seeds": null,
            "size": null,
            "torrent": null
        },
        "private": false,
        "season_extra": null,
        "season_extra2": null,
        "season_keywords": null,
        "season_keywords2": null,
        "season_query": null,
        "separator": "-",
        "show_query": null,
        "subpage": null,
        "tv_extra": null,
        "tv_extra2": null,
        "tv_keywords": null,
        "tv_keywords2": null
    },
    "zoogle": {
        "anime_extra": null,
        "anime_keywords": "{title} {episode}",
        "anime_query": "",
        "base_url": "https://zooqle.com/search?q=QUERY",
        "color": "FFB3B24F",
        "general_extra": null,
        "general_keywords": "{title}",
        "general_query": "",
        "language": null,
        "login_failed": "",
        "login_object": "",
        "login_path": null,
        "movie_extra": null,
        "movie_keywords": "{title} {year}",
        "movie_query": "",
        "name": "Zoogle",
        "parser": {
            "infohash": "",
            "name": "item('a')",
            "peers": "item(tag='div', select=('class' , 'prog-r'))",
            "row": "find_once('table').find_all('tr', start=2)",
            "seeds": "item(tag='div', select=('class' , 'prog-l'), order=2).replace(' K', '000')",
            "size": "item(tag='div', select=('class' , 'progress-bar'))",
            "torrent": "item(tag='a', order=2, attribute='href')"
        },
        "private": false,
        "season_extra": null,
        "season_extra2": null,
        "season_keywords": "{title} Season_{season}",
        "season_keywords2": "",
        "season_query": "",
        "separator": "%20",
        "show_query": "",
        "subpage": false,
        "tv_extra": null,
        "tv_extra2": null,
        "tv_keywords": "{title} s{season:2}e{episode:2}",
        "tv_keywords2": ""
    },
    "zooqle": {
        "anime_extra": "",
        "anime_keywords": "{title} {episode}",
        "anime_query": "",
        "base_url": "https://zooqle.com/search?q=QUERY&EXTRA",
        "color": "FFB3B24F",
        "general_extra": "",
        "general_keywords": "{title}",
        "general_query": "",
        "language": null,
        "login_failed": "",
        "login_object": "",
        "login_path": null,
        "movie_extra": "",
        "movie_keywords": "{title} {year}",
        "movie_query": "",
        "name": "Zooqle",
        "parser": {
            "infohash": "",
            "name": "item('a')",
            "peers": "item(tag='div', select=('class' , 'prog-r'))",
            "row": "find_once('table').find_all('tr', start=2)",
            "seeds": "item(tag='div', select=('class' , 'prog-l'), order=2).replace(' K', '000')",
            "size": "item(tag='div', select=('class' , 'progress-bar'))",
            "torrent": "item(tag='a', order=2, attribute='href')"
        },
        "private": false,
        "season_extra": "",
        "season_extra2": "",
        "season_keywords": "{title} Season_{season}",
        "season_keywords2": "{title} Season{season}",
        "season_query": "",
        "separator": "%20",
        "show_query": "",
        "subpage": false,
        "tv_extra": "",
        "tv_extra2": "",
        "tv_keywords": "{title} s{season:2}e{episode:2}",
        "tv_keywords2": ""
    }
}
