<?xml version="1.0" encoding="UTF-8" standalone="yes"?>
    <addon id="repository.aliunde" name="[COLOR aqua]Aliunde Repository[/COLOR]" version="0.2.66" provider-name="Aliunde">
        <requires>
            <import addon="xbmc.addon" version="12.0.0"/>
        </requires>
        <extension point="xbmc.addon.repository" name="[COLOR aqua]Aliunde Repository[/COLOR]">
            <info compressed="false">http://aliunde.esy.es/_aliunde/addons.xml</info>
            <checksum>http://aliunde.esy.es/_aliunde/addons.xml.md5</checksum>
            <datadir zip="true">http://aliunde.esy.es/_aliunde/</datadir>
            <hashes>false</hashes>
			<dir>
                <info compressed="false">https://raw.githubusercontent.com/jenaddon/repository.jenrepo/master/zips/addons.xml</info>
                <checksum>https://raw.githubusercontent.com/jenaddon/repository.jenrepo/master/zips/addons.xml.md5</checksum>
                <datadir zip="true">https://raw.githubusercontent.com/jenaddon/repository.jenrepo/master/zips/</datadir>
                <hashes>false</hashes>
           </dir>
           <dir>
               <info compressed="false">https://raw.githubusercontent.com/teamuniversal/scrapers/master/_modules4all/zips/addons.xml</info>
               <checksum>https://raw.githubusercontent.com/teamuniversal/scrapers/master/_modules4all/zips/addons.xml.md5</checksum>
               <datadir zip="true">https://raw.githubusercontent.com/teamuniversal/scrapers/master/_modules4all/zips/</datadir>
			   <hashes>false</hashes>
          </dir>
          <dir>
              <info compressed="false">https://raw.githubusercontent.com/jsergio123/zips/master/addons.xml</info>
              <checksum>https://raw.githubusercontent.com/jsergio123/zips/master/addons.xml.md5</checksum>
              <datadir zip="true">https://raw.githubusercontent.com/jsergio123/zips/master/</datadir>
			  <hashes>false</hashes>
         </dir>
		 <dir>
		     <info compressed="false">https://github.com/tvaddonsco/tva-resolvers-repo/raw/master/addons.xml</info>
		     <checksum>https://github.com/tvaddonsco/tva-resolvers-repo/raw/master/addons.xml.md5</checksum>
		     <datadir zip="true">https://github.com/tvaddonsco/tva-resolvers-repo/raw/master/zips/</datadir>
	    </dir>
         <dir>
             <info compressed="false">https://raw.githubusercontent.com/totalrevolution/python-koding/master/zips/addons.xml</info>
             <checksum>https://raw.githubusercontent.com/totalrevolution/python-koding/master/zips/addons.xml.md5</checksum>
             <datadir zip="true">https://raw.githubusercontent.com/totalrevolution/python-koding/master/zips/</datadir>
			 <hashes>false</hashes>
         </dir>
        </extension>
        <extension point="xbmc.addon.metadata">
            <summary>Please do NOT post this Repository on Youtube, Facebook, Blogs or anywhere on the internet, thank you.</summary>
            <description>This repository nor the addons within does not form part of the Kodi Media Centre. Please do not seek assistance with this repository or the addons from any of the Official Kodi Support Channels.The authors do not host any of the content in these addons and takes no responsibility for content found</description>
            <platform>all</platform>
            <genre>movies,usa</genre>
        </extension>
    </addon>