<arrakis>
    <cnw>
        <dir>
            <title>Celebrities Sex Tape</title>
            <cnw>category/celebrity-sex-tapes/</cnw>
            <thumbnail>http://www.celebsnudeworld.com/media/videos/cat/28.jpg</thumbnail>
        </dir>

        <dir>
            <title>Celebrities Sex Scenes</title>
            <cnw>category/celebrity-sex-scenes/</cnw>
            <thumbnail>http://www.celebsnudeworld.com/media/videos/cat/29.jpg</thumbnail>
        </dir>

        <dir>
            <title>Unknown</title>
            <cnw>category/more-celeb-porn/</cnw>
            <thumbnail>http://www.celebsnudeworld.com/media/videos/cat/32.jpg</thumbnail>
        </dir>

        <dir>
            <title>Full Movies</title>
            <cnw>category/full-movies/</cnw>
            <thumbnail>http://www.celebsnudeworld.com/media/videos/cat/37.jpg</thumbnail>
        </dir>

        <dir>
            <title>Nip Slip</title>
            <cnw>category/nip-slips/</cnw>
            <thumbnail>http://www.celebsnudeworld.com/media/videos/cat/38.jpg</thumbnail>
        </dir>

        <dir>
            <title>PlayBoy</title>
            <cnw>category/playboyvideos/</cnw>
            <thumbnail>http://www.celebsnudeworld.com/media/videos/cat/41.jpg</thumbnail>
        </dir>

        <dir>
            <title>Nude Celebs</title>
            <cnw>category/nude-celebs/</cnw>
            <thumbnail>http://www.celebsnudeworld.com/media/videos/cat/42.jpg</thumbnail>
        </dir>

        <dir>
            <title>The Fappening</title>
            <cnw>category/leaks/</cnw>
            <thumbnail>http://www.celebsnudeworld.com/media/videos/cat/43.jpg</thumbnail>
        </dir>

        <dir>
            <title>Lesbian Celebs</title>
            <cnw>category/lesbian-celebs/</cnw>
            <thumbnail>http://www.celebsnudeworld.com/media/videos/cat/44.jpg</thumbnail>
        </dir>

        <dir>
            <title>Celebs Nude Compilation</title>
            <cnw>category/compilation/</cnw>
            <thumbnail>http://www.celebsnudeworld.com/media/videos/cat/45.gif</thumbnail>
        </dir>

        <dir>
            <title>Celeb Blowjobs</title>
            <cnw>category/celeb-blowjobs/</cnw>
            <thumbnail>http://www.celebsnudeworld.com/media/videos/cat/46.jpg</thumbnail>
        </dir>

    </cnw>
</arrakis>

