<?xml version="1.0" encoding="UTF-8" standalone="yes"?>
    <addon id="repository.gimli" name="Gimli Repo" version="0.0.2" provider-name="Irmu">
        <requires>
            <import addon="xbmc.addon" version="12.0.0"/>
        </requires>
        <extension point="xbmc.addon.repository" name="Gimli Repo">
            <info compressed="false">https://raw.githubusercontent.com/irmu/gimli/master/_zips/addons.xml</info>
            <checksum>https://raw.githubusercontent.com/irmu/gimli/master/_zips/addons.xml.md5</checksum>
            <datadir zip="true">https://raw.githubusercontent.com/irmu/gimli/master/_zips/</datadir>
            <hashes>false</hashes>
        </extension>
        <extension point="xbmc.addon.metadata">
            <summary>Official Gimli Add-on Repository</summary>
            <description>Official Gimli Add-on Repository</description>
            <platform>all</platform>
            <genre>movies,usa</genre>
        </extension>
    </addon>