﻿<?xml version="1.0" encoding="utf-8" standalone="yes"?>
<addon id="plugin.video.sovietmoviesonline" name="Sovietmoviesonline" version="1.0.2" provider-name="L0RE">
	<requires>
		<import addon="xbmc.python" version="2.25.0"/>
		<import addon="script.module.requests" version="2.12.4"/>
	</requires>
	<extension point="xbmc.python.pluginsource" library="default.py">
		<provides>video</provides>
	</extension>
	<extension point="xbmc.addon.metadata">
		<summary lang="de">Sowjetische und russische Filme mit englischen Untertiteln</summary>
		<summary lang="en">Soviet and Russian movies with English subtitles</summary>
		<summary lang="ru">Советские и русские фильмы с английскими субтитрами</summary>
		<description lang="de">[COLOR red]- KEINE Free-Full-Videos mehr erhältlich.[CR]- Preise für den Premiumzugang für diese Webseite unverhältnismäßig !!![CR]- Updates eingestellt.[/COLOR]</description>
		<description lang="en">[COLOR red]- NO Free-Full-Videos available anymore.[CR]- Prices for premium access for this website disproportionate !!![CR]- Updates discontinued.[/COLOR]</description>
		<description lang="ru">[COLOR red]- Полных бесплатных видео больше нет.[CR]- Цены на платный доступ к этому сайту непропорциональны !!![CR]- Обновления прекращены.[/COLOR]</description>
		<disclaimer lang="de">Die von diesem Addon dargestellten Inhalte werden von den Erstellern des Addons weder gehostet oder verbreitet, noch stehen die Ersteller in irgendeiner Beziehung zu den Anbietern des Inhalts.</disclaimer>
		<disclaimer lang="en">The author does not host or distribute any of the content displayed by this addon. The author does not have any affiliation with the content providers.</disclaimer>
		<disclaimer lang="ru">Содержимое, отображаемое этим дополнением, не размещается и не распространяется его создателями, равно как и создатели никак не связаны с поставщиками содержимого.</disclaimer>
		<language></language>
		<platform>all</platform>
		<license>GNU GENERAL PUBLIC LICENSE. Version 2, June 1991</license>
		<forum>https://www.kodinerds.net/index.php/Thread/55451-L0REs-Blog/</forum>
		<website>https://sovietmoviesonline.com</website>
		<email></email>
		<source>https://github.com/kodinerds/repo/tree/master/plugin.video.sovietmoviesonline</source>
		<assets>
			<icon>icon.png</icon>
			<fanart>fanart.jpg</fanart>
		</assets>
		<broken>
- KEINE Free-Full-Videos mehr erhältlich.[CR]- Preise für den Premiumzugang für diese Webseite unverhältnismäßig !!![CR]- Updates eingestellt.
		</broken>
		<news>[B][COLOR orangered]Version 1.0.2  (25.12.2019)[/COLOR][/B] by realvito[CR]
- KEINE Free-Full-Videos mehr erhältlich.[CR]- Preise für den Premiumzugang für diese Webseite unverhältnismäßig !!![CR]- Updates eingestellt.
		</news>
	</extension>
</addon>
