{
    "menu_file": [
        {
            "title": "The Kitchen Menu File",
            "version": "1",
            "checked": "1",
            "desc": "Menu File containing base menu system for Kitchen section"
        }
    ],
    "food_root": [
        {
            "title": "Paula Deen",
            "plugin": "plugin://plugin.video.youtube/channel/UCr8xA60v_5j7n7TMPd8qmFw/playlists/",
            "thumbnail": "http://food.fnr.sndimg.com/content/dam/images/food/editorial/talent/paula-deen/FN_Paulas-Best-Dishes-3_s4x3.jpg.rend.hgtvcom.336.336.suffix/1371593122209.jpeg"
        }, {
            "title": "BBQ Pit Boys",
            "plugin": "plugin://plugin.video.youtube/channel/UCjrL1ugI6xGqQ7VEyV6aRAg/playlists/",
            "thumbnail": "https://encrypted-tbn0.gstatic.com/images?q=tbn:ANd9GcQkHdK8AIbMZzxkn7uGYCsLXK1XqrzJCQYtVSm-Id86lfQrIqZdpA"
        }, {
            "title": "Tasty",
            "plugin": "plugin://plugin.video.youtube/channel/UCJFp8uSYCjXOMnkUyb3CQ3Q/playlists/",
            "thumbnail": "https://encrypted-tbn0.gstatic.com/images?q=tbn:ANd9GcRc4FphcEp6sKx7KvvsnDP0_Fsr18bw10UunrjlJBjFLzNjz1PSbQ"
        }, {
            "title": "Food Network",
            "plugin": "plugin://plugin.video.youtube/channel/UC8Y-jrV8oR3s2Ix4viDkZtA/playlists/",
            "thumbnail": "https://encrypted-tbn0.gstatic.com/images?q=tbn:ANd9GcSfhr4YYuEbm96vu88cmBR2raF0_gytapLFUqCCzo4FmfbIBLJfxw"
        }, {
            "title": "Alton Brown",
            "plugin": "plugin://plugin.video.youtube/channel/UCfDNi1aEljAQ17mUrfUjkvg/playlists/",
            "thumbnail": "http://food.fnr.sndimg.com/content/dam/images/food/editorial/talent/alton-brown/FN-TalentAvatar-Alton-Brown-800x800.jpg.rend.hgtvcom.616.616.jpeg"
        }, {
            "title": "Rachel Ray",
            "plugin": "plugin://plugin.video.youtube/channel/UCtbkymRCxreyNHb_ON2FCsQ/playlists/",
            "thumbnail": "https://encrypted-tbn0.gstatic.com/images?q=tbn:ANd9GcRCovztlTT2EMpuR_KoK52zsEOue0BS7IeFMODxEjV1s-sK9Pvf0g"
        }, {
            "title": "Emeril",
            "plugin": "plugin://plugin.video.youtube/channel/UC5SJjoYO0cKJmx37WGT8amg/playlists/",
            "thumbnail": "https://encrypted-tbn0.gstatic.com/images?q=tbn:ANd9GcRGet2Lj3tCRUNyqOzd1PwEvPIZRRVhE75ScciLPcS7V7G4Kewx5w"
        }, {
            "title": "Rosanna Pansino",
            "plugin": "plugin://plugin.video.youtube/channel/UCjwmbv6NE4mOh8Z8VhPUx1Q/playlists/",
            "thumbnail": "http://www.thefamouspeople.com/profiles/images/rosanna-pansino-1.jpg"
        }, {
            "title": "Epic Meal Time",
            "plugin": "plugin://plugin.video.youtube/channel/UCYjk_zY-iYR8YNfJmuzd70A/playlists/",
            "thumbnail": "https://i.ytimg.com/vi/gpKtarjTvqU/hqdefault.jpg"
        }, {
            "title": "Tipsy Bartender",
            "plugin": "plugin://plugin.video.youtube/channel/UCaDY8WjYWy36bnt0RVzSklw/playlists/",
            "thumbnail": "https://yt3.ggpht.com/-Z_YP5f4MSNk/AAAAAAAAAAI/AAAAAAAAAAA/FKaYXVpYcco/s900-c-k-no/photo.jpg"
        }, {
            "title": "How To Cake It",
            "plugin": "plugin://plugin.video.youtube/channel/UCvM1hVcRJmVWDtATYarC0KA/playlists/",
            "thumbnail": "https://pbs.twimg.com/profile_images/783775787812024320/9A6ijnc0.jpg"
        }, {
            "title": "How To Cook That",
            "plugin": "plugin://plugin.video.youtube/channel/UCsP7Bpw36J666Fct5M8u-ZA/playlists/",
            "thumbnail": "https://www.howtocookthat.net/public_html/wp-content/uploads/2014/02/Image.jpg?4118d5"
        }, {
            "title": "Jamie Oliver",
            "plugin": "plugin://plugin.video.youtube/channel/UCpSgg_ECBj25s9moCDfSTsA/playlists/",
            "thumbnail": "http://i.dailymail.co.uk/i/pix/2015/12/11/23/2B8EAFDE00000578-0-image-m-2_1449876272027.jpg"
        }, {
            "title": "Laura in the Kitchen",
            "plugin": "plugin://plugin.video.youtube/channel/UCNbngWUqL2eqRw12yAwcICg/playlists/",
            "thumbnail": "https://scstylecaster.files.wordpress.com/2015/09/laura-in-the-kitchen-book.jpeg?w=847&h=1024"
        }, {
            "title": "You Suck At Cooking",
            "plugin": "plugin://plugin.video.youtube/channel/UCekQr9znsk2vWxBo3YiLq2w/playlists/",
            "thumbnail": "https://pbs.twimg.com/media/CfWjXoCW8AEX831.jpg"
        }
    ]
}