{
    "menu_file": [
        {
            "title": "Kids Corner Menu File",
            "version": "3",
            "checked": "1",
            "desc": "Menu File containing base menu system for Kids Corner root"
        }
    ],
    "kidscorner_root": [
        {
            "title": "32633",
            "menu_file": "boxsets_main",
            "menu_section": "boxsets_kids",
            "action": "kidsBoxsetNavigator",
            "thumbnail": "kidsboxsets.png"
        },
        {
            "title": "Kids Tube",
            "menu_file": "kidscorner",
            "menu_section": "kidstube_root",
            "menu_sort": "Label",
            "action": "menu",
            "thumbnail": "kidstube.png"
        },
        {
            "title": "PBS Kids",
            "action": "menu",
            "menu_file": "kidscorner",
            "menu_section": "pbskids_root",
            "menu_sort": "Label",
            "thumbnail": "pbskids.png"
        }
    ],
    "pbskids_root": [
        {
            "title": "Wild Kratts",
            "url": "wild-kratts",
            "action": "pbsKids",
            "thumbnail": "https://image.pbs.org/tortuga/global/show-icons/circle-transparent/200x200_wildkratts.png.resize.88x88.png"
        },
        {
            "title": "Curious George",
            "url": "curious-george",
            "action": "pbsKids",
            "thumbnail": "https://image.pbs.org/tortuga/global/show-icons/circle-transparent/200x200_curiousgeorge.png.resize.88x88.png"
        },
        {
            "title": "Odd Squad",
            "url": "odd-squad",
            "action": "pbsKids",
            "thumbnail": "https://image.pbs.org/tortuga/global/show-icons/circle-transparent/200x200_oddsquad.png.resize.88x88.png"
        },
        {
            "title": "Pinkalicious and Peterrific",
            "url": "pinkalicious-and-peterrific",
            "action": "pbsKids",
            "thumbnail": "https://image.pbs.org/tortuga/global/show-icons/circle-transparent/200x200_pinkalicious_circle_v2.png.resize.88x88.png"
        },
        {
            "title": "Let's Go Luna!",
            "url": "lets-go-luna",
            "action": "pbsKids",
            "thumbnail": "https://image.pbs.org/tortuga/global/show-icons/circle-transparent/200x200_show_luna_circle.png.resize.88x88.png"
        },
        {
            "title": "Nature Cat",
            "url": "nature-cat",
            "action": "pbsKids",
            "thumbnail": "https://image.pbs.org/tortuga/global/show-icons/circle-transparent/200x200_naturecat.png.resize.88x88.png"
        },
        {
            "title": "Splash and Bubbles",
            "url": "splash-and-bubbles",
            "action": "pbsKids",
            "thumbnail": "https://image.pbs.org/tortuga/global/show-icons/circle-transparent/200x200_splash_and_bubbles_transparent.png.resize.88x88.png"
        },
        {
            "title": "Ready Jet Go",
            "url": "ready-jet-go",
            "action": "pbsKids",
            "thumbnail": "https://image.pbs.org/tortuga/global/show-icons/circle-transparent/200x200_ReadyJetGo_circle_2.png.resize.88x88.png"
        },
        {
            "title": "Arthur",
            "url": "arthur",
            "action": "pbsKids",
            "thumbnail": "https://image.pbs.org/tortuga/global/show-icons/circle-transparent/200x200_arthur_circle.png.resize.88x88.png"
        },
        {
            "title": "Dinosaur Train",
            "url": "dinosaur-train",
            "action": "pbsKids",
            "thumbnail": "https://image.pbs.org/tortuga/global/show-icons/circle-transparent/200x200_dinotrain.png.resize.88x88.png"
        },
        {
            "title": "Dot's Spot",
            "url": "dots-spot",
            "action": "pbsKids",
            "thumbnail": "https://image.pbs.org/tortuga/global/show-icons/circle-transparent/200x200_DotsSpots2.png.resize.88x88.png"
        },
        {
            "title": "Mister Rogers' Neighborhood",
            "url": "mister-rogers",
            "action": "pbsKids",
            "thumbnail": "https://image.pbs.org/tortuga/global/show-icons/circle-transparent/200x200_RogersFINALv2.png.resize.88x88.png"
        },
        {
            "title": "SUPER WHY!",
            "url": "super-why",
            "action": "pbsKids",
            "thumbnail": "https://image.pbs.org/tortuga/global/show-icons/circle-transparent/200x200_superwhy.png.resize.88x88.png"
        },
        {
            "title": "Sesame Street",
            "url": "sesame-street",
            "action": "pbsKids",
            "thumbnail": "https://image.pbs.org/tortuga/global/show-icons/circle-transparent/200x200_sesame.png.resize.88x88.png"
        },
        {
            "title": "The Cat in the Hat",
            "url": "cat-in-the-hat",
            "action": "pbsKids",
            "thumbnail": "https://image.pbs.org/tortuga/global/show-icons/circle-transparent/200x200_catinthehat.png.resize.88x88.png"
        },
        {
            "title": "WordGirl",
            "url": "wordgirl",
            "action": "pbsKids",
            "thumbnail": "https://image.pbs.org/tortuga/global/show-icons/circle-transparent/200x200_wordgirl.png.resize.88x88.png"
        },
        {
            "title": "Cyberchase",
            "url": "cyberchase",
            "action": "pbsKids",
            "thumbnail": "https://image.pbs.org/tortuga/global/show-icons/circle-transparent/200x200_cyberchase.png.resize.88x88.png"
        },
        {
            "title": "Peg + Cat",
            "url": "peg",
            "action": "pbsKids",
            "thumbnail": "https://image.pbs.org/tortuga/global/show-icons/circle-transparent/200x200-Peg.png.resize.88x88.png"
        },
        {
            "title": "The Ruff Ruffman Show",
            "url": "ruff-ruffman-show",
            "action": "pbsKids",
            "thumbnail": "https://image.pbs.org/tortuga/global/show-icons/circle-transparent/200x200_RuffRuffmanShow.png.resize.88x88.png"
        },
        {
            "title": "Sid the Science Kid",
            "url": "sid-science-kid",
            "action": "pbsKids",
            "thumbnail": "https://image.pbs.org/tortuga/global/show-icons/circle-transparent/200x200_sid.png.resize.88x88.png"
        },
        {
            "title": "Plum Landing",
            "url": "plum-landing",
            "action": "pbsKids",
            "thumbnail": "https://image.pbs.org/tortuga/global/show-icons/circle-transparent/plum-landing-circle.png.resize.88x88.png"
        },
        {
            "title": "Design Squad",
            "url": "design-squad-nation",
            "action": "pbsKids",
            "thumbnail": "https://image.pbs.org/tortuga/global/show-icons/circle-transparent/200x200_designsquad.png.resize.88x88.png"
        },
        {
            "title": "Fizzy's Lunch Lab",
            "url": "fizzys-lunch-lab",
            "action": "pbsKids",
            "thumbnail": "https://image.pbs.org/tortuga/global/show-icons/circle-transparent/fizzys-lunch-lab-circle.png.resize.88x88.png"
        },
        {
            "title": "Martha Speaks",
            "url": "martha-speaks",
            "action": "pbsKids",
            "thumbnail": "https://image.pbs.org/tortuga/global/show-icons/circle-transparent/200x200_martha.png.resize.88x88.png"
        },
        {
            "title": "Oh Noah!",
            "url": "oh-noah",
            "action": "pbsKids",
            "thumbnail": "https://image.pbs.org/tortuga/global/show-icons/circle-transparent/200x200_noah.png.resize.88x88.png"
        },
        {
            "title": "Caillou",
            "url": "caillou",
            "action": "pbsKids",
            "thumbnail": "https://image.pbs.org/tortuga/global/show-icons/circle-transparent/200x200_caillou.png.resize.88x88.png"
        },
        {
            "title": "SciGirls",
            "url": "scigirls",
            "action": "pbsKids",
            "thumbnail": "https://image.pbs.org/tortuga/global/show-icons/circle-transparent/scigirls-circle.png.resize.88x88.png"
        },
        {
            "title": "Word World",
            "url": "word-world",
            "action": "pbsKids",
            "thumbnail": "https://image.pbs.org/tortuga/global/show-icons/circle-transparent/200x200_wordworld.png.resize.88x88.png"
        },
        {
            "title": "Clifford the Big Red Dog",
            "url": "clifford-big-red-dog",
            "action": "pbsKids",
            "thumbnail": "https://image.pbs.org/tortuga/global/show-icons/circle-transparent/200x200_clifford.png.resize.88x88.png"
        },
        {
            "title": "Maya &amp; Miguel",
            "url": "maya-miguel",
            "action": "pbsKids",
            "thumbnail": "https://image.pbs.org/tortuga/global/show-icons/circle-transparent/200x200_miaMiguel.png.resize.88x88.png"
        }
    ],
    "kidstube_root": [
        {
            "title": "ABC Kid.tv",
            "plugin": "plugin://plugin.video.youtube/channel/UCbCmjCuTUZos6Inko4u57UQ/",
            "thumbnail": "https://raw.githubusercontent.com/therealatreides/atreidesextras/master/ytmenus/kidsnation/icons/abc.jpg",
            "description": "ABC Kids.TV Channel"
        },
        {
            "title": "Baby Joy Joy",
            "plugin": "plugin://plugin.video.youtube/channel/UCkIz27-hS4O-mCiChXZgNKw/",
            "thumbnail": "https://raw.githubusercontent.com/therealatreides/atreidesextras/master/ytmenus/kidsnation/icons/bjj.jpg",
            "description": "Baby Joy Joy's Channel, Playlists, and more!"
        },
        {
            "title": "Blues Clues",
            "plugin": "plugin://plugin.video.youtube/channel/UCesJOpRA7VlQV87nRPPeKlA/",
            "thumbnail": "https://raw.githubusercontent.com/therealatreides/atreidesextras/master/ytmenus/kidsnation/icons/1OQvO5K.jpg",
            "description": "The Blues Clues Channel!"
        },
        {
            "title": "Bob the Builder",
            "action": "menu",
            "menu_file": "kidscorner",
            "menu_section": "bobthebuilder",
            "thumbnail": "https://raw.githubusercontent.com/therealatreides/atreidesextras/master/ytmenus/kidsnation/icons/btb.jpg",
            "description": "Bob the Builder Channels, Playlists, and more!"
        },
        {
            "title": "The Brain Scoop",
            "plugin": "plugin://plugin.video.youtube/channel/UCkyfHZ6bY2TjqbJhiH8Y2QQ/",
            "thumbnail": "https://raw.githubusercontent.com/therealatreides/atreidesextras/master/ytmenus/kidsnation/icons/tbs.jpg",
            "description": "From dissecting ants to taking a tour of a bat cave, The Brain Scoop has something for everyone. Kids as young as 2 enjoy this entertaining & educational channel."
        },
        {
            "title": "Caillou",
            "action": "menu",
            "menu_file": "kidscorner",
            "menu_section": "caillou",
            "thumbnail": "https://raw.githubusercontent.com/therealatreides/atreidesextras/master/ytmenus/kidsnation/icons/caillou.png",
            "description": "Caillou Channels, Playlists, and more!"
        },
        {
            "title": "Caillou Full Episodes",
            "plugin": "plugin://plugin.video.youtube/playlist/PLC9Qdm15h_EVixE4J9SbZgkWLBNqEldS9/",
            "thumbnail": "https://raw.githubusercontent.com/therealatreides/atreidesextras/master/ytmenus/kidsnation/icons/caillou.png",
            "description": "Caillou Full HD Episodes!"
        },
        {
            "title": "Crash Course Kids",
            "plugin": "plugin://plugin.video.youtube/channel/UCONtPx56PSebXJOxbFv-2jQ/",
            "thumbnail": "https://raw.githubusercontent.com/therealatreides/atreidesextras/master/ytmenus/kidsnation/icons/crashcoursekids.jpg",
            "description": "From the same producers of SciShow Kids. Excellent learning material while keeping it fun for the kids."
        },
        {
            "title": "Farmees - Nursery Rhymes And Kids Songs",
            "plugin": "plugin://plugin.video.youtube/channel/UCu9MYfF0vosVcK38oNnnJxw/",
            "thumbnail": "https://raw.githubusercontent.com/therealatreides/atreidesextras/master/ytmenus/kidsnation/icons/farm.jpg",
            "description": "YouTube kids, welcome to Farmees Land! A family of funny, smart and friendly 3d animated cartoon animals that will teach you colours, shapes, alphabets and numbers, all through baby songs."
        },
        {
            "title": "Geek Gurl Diaries",
            "plugin": "plugin://plugin.video.youtube/channel/UCxrp2coE9wRrnlOO3V3UmdQ/",
            "thumbnail": "https://raw.githubusercontent.com/therealatreides/atreidesextras/master/ytmenus/kidsnation/icons/ggd.jpg",
            "description": "The channel was created by then-college student, Carrie Anne, to inspire other geeky girls to pursue what they love."
        },
        {
            "title": "HooplaKidz",
            "action": "menu",
            "menu_file": "kidscorner",
            "menu_section": "hoopla",
            "thumbnail": "https://raw.githubusercontent.com/therealatreides/atreidesextras/master/ytmenus/kidsnation/icons/hooplakids.jpg",
            "description": "HooplaKidz is one of the most popular YouTube channels for preschoolers featuring the cutest and coolest characters in town Annie, Ben and Mango singing and dancing to popular nursery rhymes and original songs and super fun learning videos."
        },
        {
            "title": "Horrible Histories",
            "plugin": "plugin://plugin.video.youtube/channel/UCw9mXdTejPuOhE7eHSWLIKA/",
            "thumbnail": "https://raw.githubusercontent.com/therealatreides/atreidesextras/master/ytmenus/kidsnation/icons/horriblehistories.jpg",
            "description": "From the famous british tv show! Teaching histories with a kid friendly turn."
        },
        {
            "title": "Kids Channel - Cartoon Videos for Kids",
            "plugin": "plugin://plugin.video.youtube/channel/UC3KknIJZXRygH2pZ6MDtGbg/",
            "thumbnail": "https://raw.githubusercontent.com/therealatreides/atreidesextras/master/ytmenus/kidsnation/icons/kidschannel.jpg",
            "description": "n educational and fun learning experience that seeks to engage kids, almost 1200 videos are available."
        },
        {
            "title": "Kids Hut",
            "plugin": "plugin://plugin.video.youtube/channel/UChz5aEi3dfrDVC8-YJsMUDA/",
            "thumbnail": "https://raw.githubusercontent.com/therealatreides/atreidesextras/master/ytmenus/kidsnation/icons/kidshut.jpg",
            "description": "Kids learning channel with fairy tales, Aesop's Fables, learning videos, and much more!"
        },
        {
            "title": "Kids TV",
            "plugin": "plugin://plugin.video.youtube/channel/UC7Pq3Ko42YpkCB_Q4E981jw/",
            "thumbnail": "https://raw.githubusercontent.com/therealatreides/atreidesextras/master/ytmenus/kidsnation/icons/kidstv.jpg",
            "description": "Kids learning channel with Bob the Train, Learning Street with Bob, Learning ABC songs, english, preschool, and much more!"
        },
        {
            "title": "Little Baby Bum",
            "plugin": "plugin://plugin.video.youtube/channel/UCKAqou7V9FAWXpZd9xtOg3Q/",
            "thumbnail": "https://raw.githubusercontent.com/therealatreides/atreidesextras/master/ytmenus/kidsnation/icons/lbb.jpg",
            "description": "New and fresh take on using nursery rhymes to help kids learn and develop."
        },
        {
            "title": "LBB Junior",
            "plugin": "plugin://plugin.video.youtube/channel/UC3_PaZ3Eso1JkuJyE_v4-3g/",
            "thumbnail": "https://raw.githubusercontent.com/therealatreides/atreidesextras/master/ytmenus/kidsnation/icons/lbbjr.jpg",
            "description": "From the creators of Little Baby Bum. Another excellent song related learning channel with original content and songs."
        },
        {
            "title": "Mother Goose Club",
            "plugin": "plugin://plugin.video.youtube/channel/UCJkWoS4RsldA1coEIot5yDA/",
            "thumbnail": "https://raw.githubusercontent.com/therealatreides/atreidesextras/master/ytmenus/kidsnation/icons/mgc.jpg",
            "description": "Nursery rhymes, counting games, and bedtime songs are just a few of the entertaining videos on The Mother Goose Club channel."
        },
        {
            "title": "Mother Goose Club - Playhouse",
            "plugin": "plugin://plugin.video.youtube/channel/UC6zPzUJo8hu-5TzUk8IEC2Q/",
            "thumbnail": "https://raw.githubusercontent.com/therealatreides/atreidesextras/master/ytmenus/kidsnation/icons/mgc.jpg",
            "description": "Nursery rhymes, counting games, and bedtime songs are just a few of the entertaining videos on The Mother Goose Club channel."
        },
        {
            "title": "PBS Kids",
            "plugin": "plugin://plugin.video.youtube/channel/UCrNnk0wFBnCS1awGjq_ijGQ/",
            "thumbnail": "https://raw.githubusercontent.com/therealatreides/atreidesextras/master/ytmenus/kidsnation/icons/pbs.jpg",
            "description": "PBS Kids is well-known and highly respected programming that has earned the trust of millions of parents. The PBS Kids YouTube channel offers curriculum-based educational shows that employs kids to use their imaginations and critical thinking skills. Almost 7,500,000 channel views and steadily gaining subscribers."
        },
        {
            "title": "Peppa Pig",
            "action": "menu",
            "menu_file": "kidscorner",
            "menu_section": "peppa",
            "thumbnail": "https://raw.githubusercontent.com/therealatreides/atreidesextras/master/ytmenus/kidsnation/icons/peppaofficial.jpg",
            "description": "Peppa Pig Channels, Playlists, and more!"
        },
        {
            "title": "SciShow Kids",
            "plugin": "plugin://plugin.video.youtube/channel/UCRFIPG2u1DxKLNuE3y2SjHA/",
            "thumbnail": "https://raw.githubusercontent.com/therealatreides/atreidesextras/master/ytmenus/kidsnation/icons/scishowkids.jpg",
            "description": "One of the best kids channels for helping them learn about science."
        },
        {
            "title": "SmartGirls",
            "plugin": "plugin://plugin.video.youtube/channel/UCi_BjZoqPnMmkCLv2FlyBxQ/",
            "thumbnail": "https://raw.githubusercontent.com/therealatreides/atreidesextras/master/ytmenus/kidsnation/icons/smartgirls.jpg",
            "description": "A-List Actress Amy Poehler created the SmartGirls channel. It offers advice, music, fun educational videos, and more. 129,000 subscribers and climbing and almost 6 million channel views. Amy wanted to put something positive, inspirational, educational, and fun out in the world for kids."
        }
    ],
    "bobthebuilder": [
        {
            "title": "Bob the Builder's Videos",
            "nolink": "1",
            "thumbnail": "https://raw.githubusercontent.com/therealatreides/atreidesextras/master/ytmenus/kidsnation/icons/btb.jpg",
            "description": "Bob the Builder's Videos"
        },
        {
            "title": "===================================",
            "nolink": "1",
            "thumbnail": "https://raw.githubusercontent.com/therealatreides/atreidesextras/master/ytmenus/kidsnation/icons/btb.jpg",
            "description": "==================================="
        },
        {
            "title": "Bob the Builder - New Videos",
            "plugin": "plugin://plugin.video.youtube/playlist/PLp5-fNEA0RnILAjwXZAhdAMmux_Q2h-cO/",
            "thumbnail": "https://raw.githubusercontent.com/therealatreides/atreidesextras/master/ytmenus/kidsnation/icons/btb.jpg",
            "description": "Bob the Builder - New Videos"
        },
        {
            "title": "Bob the Builder - Sing-A-Longs",
            "plugin": "plugin://plugin.video.youtube/playlist/PLp5-fNEA0RnJwsLV2OFJ_b1xT0oqZq97m/",
            "thumbnail": "https://raw.githubusercontent.com/therealatreides/atreidesextras/master/ytmenus/kidsnation/icons/btb.jpg",
            "description": "Bob the Builder - Sing-A-Longs"
        },
        {
            "title": "Bob the Builder - Learn with Leo",
            "plugin": "plugin://plugin.video.youtube/playlist/PLp5-fNEA0RnJjp3y-gZ2oy6wdsMFbfV6f/",
            "thumbnail": "https://raw.githubusercontent.com/therealatreides/atreidesextras/master/ytmenus/kidsnation/icons/btb.jpg",
            "description": "Bob the Builder - Learn with Leo"
        }
    ],
    "caillou": [
        {
            "title": "Caillou's Videos",
            "nolink": "1",
            "thumbnail": "https://raw.githubusercontent.com/therealatreides/atreidesextras/master/ytmenus/kidsnation/icons/caillou.png",
            "description": "Caillou Channels, Playlists, and more!"
        },
        {
            "title": "===================================",
            "nolink": "1",
            "thumbnail": "https://raw.githubusercontent.com/therealatreides/atreidesextras/master/ytmenus/kidsnation/icons/caillou.png",
            "description": "==================================="
        },
        {
            "title": "Caillou - The Official Channel",
            "plugin": "plugin://plugin.video.youtube/channel/UC4yQCVlLhTmOqX5kUkAGr0g/",
            "thumbnail": "https://raw.githubusercontent.com/therealatreides/atreidesextras/master/ytmenus/kidsnation/icons/caillou.png",
            "description": "Caillou - The Official Channel"
        },
        {
            "title": "Caillou - Full HD Episodes",
            "plugin": "plugin://plugin.video.youtube/playlist/PLC9Qdm15h_EVixE4J9SbZgkWLBNqEldS9/",
            "thumbnail": "https://raw.githubusercontent.com/therealatreides/atreidesextras/master/ytmenus/kidsnation/icons/caillou.png",
            "description": "Caillou - Full HD Episodes"
        }
    ],
    "hoopla": [
        {
            "title": "HooplaKidz Channels and Videos",
            "nolink": "1",
            "thumbnail": "https://raw.githubusercontent.com/therealatreides/atreidesextras/master/ytmenus/kidsnation/icons/hooplakids.jpg",
            "description": "HooplaKidz Channels and Videos"
        },
        {
            "title": "===================================",
            "nolink": "1",
            "thumbnail": "https://raw.githubusercontent.com/therealatreides/atreidesextras/master/ytmenus/kidsnation/icons/hooplakids.jpg",
            "description": "==================================="
        },
        {
            "title": "HooplaKidz - Official Nursery Rhymes Channel",
            "plugin": "plugin://plugin.video.youtube/channel/UC3djj8jS0370cu_ghKs_Ong/",
            "thumbnail": "https://raw.githubusercontent.com/therealatreides/atreidesextras/master/ytmenus/kidsnation/icons/hooplakids.jpg",
            "description": "HooplaKidz is one of the most popular YouTube channels for preschoolers featuring the cutest and coolest characters in town Annie, Ben and Mango singing and dancing to popular nursery rhymes and original songs and super fun learning videos."
        },
        {
            "title": "HooplaKidz How To - DIY Crafts and Play Doh Videos",
            "plugin": "plugin://plugin.video.youtube/channel/UCxkkhCFRexEyFHUHEcH5Uzg/",
            "thumbnail": "https://raw.githubusercontent.com/therealatreides/atreidesextras/master/ytmenus/kidsnation/icons/hooplahow.jpg",
            "description": "HooplaKidz is one of the most popular YouTube channels for preschoolers featuring the cutest and coolest characters in town. This is their How To and DIY channel for kids"
        },
        {
            "title": "HooplaKidz TV - Funny Cartoons For Children",
            "plugin": "plugin://plugin.video.youtube/channel/UCMfZ_z0LUm805JOZLktl2QQ/",
            "thumbnail": "https://raw.githubusercontent.com/therealatreides/atreidesextras/master/ytmenus/kidsnation/icons/hooplatoons.jpg",
            "description": "HooplaKidz is one of the most popular YouTube channels for preschoolers featuring the cutest and coolest characters in town. This is their cartoon channel for kids."
        },
        {
            "title": "HooplaKidz TV - Hoopla Lab",
            "plugin": "plugin://plugin.video.youtube/channel/UCZYqWTQJzJaMW7jFG16p8ug/",
            "thumbnail": "https://raw.githubusercontent.com/therealatreides/atreidesextras/master/ytmenus/kidsnation/icons/hooplalab.jpg",
            "description": "HooplaKidz is one of the most popular YouTube channels for preschoolers featuring the cutest and coolest characters in town. This is their science channel for kids."
        },
        {
            "title": "HooplaKidz TV - Hoopla Recipes",
            "plugin": "plugin://plugin.video.youtube/channel/UC-vObULK1w635bdFQpNlbQA/",
            "thumbnail": "https://raw.githubusercontent.com/therealatreides/atreidesextras/master/ytmenus/kidsnation/icons/hooplafood.jpg",
            "description": "HooplaKidz is one of the most popular YouTube channels for preschoolers featuring the cutest and coolest characters in town. This is their food and recipe channel for kids."
        },
        {
            "title": "HooplaKidz TV - Hoopla Kids Education",
            "plugin": "plugin://plugin.video.youtube/channel/UCaIS49HEvpCrHuVCVEAYKWA/",
            "thumbnail": "https://raw.githubusercontent.com/therealatreides/atreidesextras/master/ytmenus/kidsnation/icons/hooplaedu.jpg",
            "description": "HooplaKidz is one of the most popular YouTube channels for preschoolers featuring the cutest and coolest characters in town. This is their educational channel for the little ones."
        }
    ],
    "peppa": [
        {
            "title": "Peppa Pig's Videos",
            "nolink": "1",
            "thumbnail": "https://raw.githubusercontent.com/therealatreides/atreidesextras/master/ytmenus/kidsnation/icons/peppaofficial.jpg",
            "description": "Peppa Pig Channels, Playlists, and more!"
        },
        {
            "title": "===================================",
            "nolink": "1",
            "thumbnail": "https://raw.githubusercontent.com/therealatreides/atreidesextras/master/ytmenus/kidsnation/icons/peppaofficial.jpg",
            "description": "==================================="
        },
        {
            "title": "Peppa Pig - The Official Channel",
            "plugin": "plugin://plugin.video.youtube/channel/UCAOtE1V7Ots4DjM8JLlrYgg/",
            "thumbnail": "https://raw.githubusercontent.com/therealatreides/atreidesextras/master/ytmenus/kidsnation/icons/peppaofficial.jpg",
            "description": "Peppa Pig - The Official Channel"
        },
        {
            "title": "Peppa Pig - Full Episodes",
            "plugin": "plugin://plugin.video.youtube/channel/UC1aLdPsHl5R81q4Ga0YBkBw/",
            "thumbnail": "https://raw.githubusercontent.com/therealatreides/atreidesextras/master/ytmenus/kidsnation/icons/peppafullepisodes.jpg",
            "description": "Peppa Pig - Full Episodes"
        },
        {
            "title": "Peppa Pig English Channel",
            "plugin": "plugin://plugin.video.youtube/channel/UCmIZUrJjE4bgRqhd8BVvxsg/",
            "thumbnail": "https://raw.githubusercontent.com/therealatreides/atreidesextras/master/ytmenus/kidsnation/icons/peppaenglish.jpg",
            "description": "Peppa Pig English Channel"
        }
    ]
}