{
    "menu_file": [
        {
            "title": "PBS Kids Menu File",
            "version": "2",
            "checked": "1",
            "desc": "Menu File containing root menu for shows on PBS Kids site"
        }
    ],
    "pbskids": [
        {
            "title": "Wild Kratts",
            "url": "wild-kratts",
            "action": "pbsKids",
            "thumbnail": "https://image.pbs.org/tortuga/global/show-icons/circle-transparent/200x200_wildkratts.png.resize.88x88.png"
        },
        {
            "title": "Curious George",
            "url": "curious-george",
            "action": "pbsKids",
            "thumbnail": "https://image.pbs.org/tortuga/global/show-icons/circle-transparent/200x200_curiousgeorge.png.resize.88x88.png"
        },
        {
            "title": "Odd Squad",
            "url": "odd-squad",
            "action": "pbsKids",
            "thumbnail": "https://image.pbs.org/tortuga/global/show-icons/circle-transparent/200x200_oddsquad.png.resize.88x88.png"
        },
        {
            "title": "Pinkalicious and Peterrific",
            "url": "pinkalicious-and-peterrific",
            "action": "pbsKids",
            "thumbnail": "https://image.pbs.org/tortuga/global/show-icons/circle-transparent/200x200_pinkalicious_circle_v2.png.resize.88x88.png"
        },
        {
            "title": "Let's Go Luna!",
            "url": "lets-go-luna",
            "action": "pbsKids",
            "thumbnail": "https://image.pbs.org/tortuga/global/show-icons/circle-transparent/200x200_show_luna_circle.png.resize.88x88.png"
        },
        {
            "title": "Nature Cat",
            "url": "nature-cat",
            "action": "pbsKids",
            "thumbnail": "https://image.pbs.org/tortuga/global/show-icons/circle-transparent/200x200_naturecat.png.resize.88x88.png"
        },
        {
            "title": "Splash and Bubbles",
            "url": "splash-and-bubbles",
            "action": "pbsKids",
            "thumbnail": "https://image.pbs.org/tortuga/global/show-icons/circle-transparent/200x200_splash_and_bubbles_transparent.png.resize.88x88.png"
        },
        {
            "title": "Ready Jet Go",
            "url": "ready-jet-go",
            "action": "pbsKids",
            "thumbnail": "https://image.pbs.org/tortuga/global/show-icons/circle-transparent/200x200_ReadyJetGo_circle_2.png.resize.88x88.png"
        },
        {
            "title": "Arthur",
            "url": "arthur",
            "action": "pbsKids",
            "thumbnail": "https://image.pbs.org/tortuga/global/show-icons/circle-transparent/200x200_arthur_circle.png.resize.88x88.png"
        },
        {
            "title": "Dinosaur Train",
            "url": "dinosaur-train",
            "action": "pbsKids",
            "thumbnail": "https://image.pbs.org/tortuga/global/show-icons/circle-transparent/200x200_dinotrain.png.resize.88x88.png"
        },
        {
            "title": "Dot's Spot",
            "url": "dots-spot",
            "action": "pbsKids",
            "thumbnail": "https://image.pbs.org/tortuga/global/show-icons/circle-transparent/200x200_DotsSpots2.png.resize.88x88.png"
        },
        {
            "title": "Mister Rogers' Neighborhood",
            "url": "mister-rogers",
            "action": "pbsKids",
            "thumbnail": "https://image.pbs.org/tortuga/global/show-icons/circle-transparent/200x200_RogersFINALv2.png.resize.88x88.png"
        },
        {
            "title": "SUPER WHY!",
            "url": "super-why",
            "action": "pbsKids",
            "thumbnail": "https://image.pbs.org/tortuga/global/show-icons/circle-transparent/200x200_superwhy.png.resize.88x88.png"
        },
        {
            "title": "Sesame Street",
            "url": "sesame-street",
            "action": "pbsKids",
            "thumbnail": "https://image.pbs.org/tortuga/global/show-icons/circle-transparent/200x200_sesame.png.resize.88x88.png"
        },
        {
            "title": "The Cat in the Hat",
            "url": "cat-in-the-hat",
            "action": "pbsKids",
            "thumbnail": "https://image.pbs.org/tortuga/global/show-icons/circle-transparent/200x200_catinthehat.png.resize.88x88.png"
        },
        {
            "title": "WordGirl",
            "url": "wordgirl",
            "action": "pbsKids",
            "thumbnail": "https://image.pbs.org/tortuga/global/show-icons/circle-transparent/200x200_wordgirl.png.resize.88x88.png"
        },
        {
            "title": "Cyberchase",
            "url": "cyberchase",
            "action": "pbsKids",
            "thumbnail": "https://image.pbs.org/tortuga/global/show-icons/circle-transparent/200x200_cyberchase.png.resize.88x88.png"
        },
        {
            "title": "Peg + Cat",
            "url": "peg",
            "action": "pbsKids",
            "thumbnail": "https://image.pbs.org/tortuga/global/show-icons/circle-transparent/200x200-Peg.png.resize.88x88.png"
        },
        {
            "title": "The Ruff Ruffman Show",
            "url": "ruff-ruffman-show",
            "action": "pbsKids",
            "thumbnail": "https://image.pbs.org/tortuga/global/show-icons/circle-transparent/200x200_RuffRuffmanShow.png.resize.88x88.png"
        },
        {
            "title": "Sid the Science Kid",
            "url": "sid-science-kid",
            "action": "pbsKids",
            "thumbnail": "https://image.pbs.org/tortuga/global/show-icons/circle-transparent/200x200_sid.png.resize.88x88.png"
        },
        {
            "title": "Plum Landing",
            "url": "plum-landing",
            "action": "pbsKids",
            "thumbnail": "https://image.pbs.org/tortuga/global/show-icons/circle-transparent/plum-landing-circle.png.resize.88x88.png"
        },
        {
            "title": "Design Squad",
            "url": "design-squad-nation",
            "action": "pbsKids",
            "thumbnail": "https://image.pbs.org/tortuga/global/show-icons/circle-transparent/200x200_designsquad.png.resize.88x88.png"
        },
        {
            "title": "Fizzy's Lunch Lab",
            "url": "fizzys-lunch-lab",
            "action": "pbsKids",
            "thumbnail": "https://image.pbs.org/tortuga/global/show-icons/circle-transparent/fizzys-lunch-lab-circle.png.resize.88x88.png"
        },
        {
            "title": "Martha Speaks",
            "url": "martha-speaks",
            "action": "pbsKids",
            "thumbnail": "https://image.pbs.org/tortuga/global/show-icons/circle-transparent/200x200_martha.png.resize.88x88.png"
        },
        {
            "title": "Oh Noah!",
            "url": "oh-noah",
            "action": "pbsKids",
            "thumbnail": "https://image.pbs.org/tortuga/global/show-icons/circle-transparent/200x200_noah.png.resize.88x88.png"
        },
        {
            "title": "Caillou",
            "url": "caillou",
            "action": "pbsKids",
            "thumbnail": "https://image.pbs.org/tortuga/global/show-icons/circle-transparent/200x200_caillou.png.resize.88x88.png"
        },
        {
            "title": "SciGirls",
            "url": "scigirls",
            "action": "pbsKids",
            "thumbnail": "https://image.pbs.org/tortuga/global/show-icons/circle-transparent/scigirls-circle.png.resize.88x88.png"
        },
        {
            "title": "Word World",
            "url": "word-world",
            "action": "pbsKids",
            "thumbnail": "https://image.pbs.org/tortuga/global/show-icons/circle-transparent/200x200_wordworld.png.resize.88x88.png"
        },
        {
            "title": "Clifford the Big Red Dog",
            "url": "clifford-big-red-dog",
            "action": "pbsKids",
            "thumbnail": "https://image.pbs.org/tortuga/global/show-icons/circle-transparent/200x200_clifford.png.resize.88x88.png"
        },
        {
            "title": "Maya &amp; Miguel",
            "url": "maya-miguel",
            "action": "pbsKids",
            "thumbnail": "https://image.pbs.org/tortuga/global/show-icons/circle-transparent/200x200_miaMiguel.png.resize.88x88.png"
        }
    ]
}
