{

  "32024": "sonic_fanart.jpg",
  "32025":"sonic_fanart.jpg",
  "32026":"sonic_fanart.jpg",
  "32027":"sonic_fanart.jpg",
  "32020":"sonic_fanart.jpg",
  "32021":"sonic_fanart.jpg",
  "32022":"sonic_fanart.jpg",
  "32028":"sonic_fanart.jpg",
  "32029":"sonic_fanart.jpg",
  "32030":"sonic_fanart.jpg",
  "32031":"sonic_fanart.jpg",
  "32032":"sonic_fanart.jpg",
  "32033":"sonic_fanart.jpg",
  "32034":"sonic_fanart.jpg",
  "32309":"sonic_fanart.jpg",
  
  "32295":"fanart_movies.jpg",
  "32036":"fanart_movies.jpg",
  "32037":"fanart_movies.jpg",
  "32038":"fanart_movies.jpg",
  "32039":"fanart_movies.jpg",
  "32040":"fanart_movies.jpg",
  "32041":"fanart_movies.jpg",
  "32042":"fanart_movies.jpg",
  "32043":"fanart_movies.jpg",
  "32044":"fanart_movies.jpg",
  "32045":"fanart_movies.jpg",
  "32046":"fanart_movies.jpg",
  "32047":"fanart_movies.jpg",
  "32023":"fanart_tv.jpg",
  "32012":"fanart_tv.jpg",
  "32013":"fanart_tv.jpg",
  "32014":"fanart_tv.jpg",
  "32015":"fanart_tv.jpg",
  "32016":"fanart_tv.jpg",
  "32017":"fanart_tv.jpg",
  "32018":"fanart_tv.jpg",
  "32019":"fanart_tv.jpg",
  "32313":"fanart_tv.jpg"
 
  

}