<?xml version="1.0" encoding="UTF-8"?>
<addon id="script.module.inputstreamhelper"
       version="0.3.5"
       name="InputStream Helper"
       provider-name="emilsvennesson">
    <requires>
        <import addon="xbmc.python" version="2.25.0"/>
        <import addon="script.module.kodi-six" version="0.0.4"/>
        <import addon="script.module.requests" version="2.9.1"/>
    </requires>
    <extension library="lib" point="xbmc.python.module"/>
    <extension point="xbmc.addon.metadata">
        <description lang="en_GB">A simple Kodi module that makes life easier for add-on developers relying on InputStream based add-ons and DRM playback.</description>
        <description lang="el_GR">Μία απλή μονάδα για το Kodi η οποία διευκολύνει την ζωή των προγραμματιστών οι οποίοι εξαρτώνται από τα πρόσθετσ InputStream και αναπαραγωγή τύπου DRM.</description>
        <news>2019.08.15 v0.3.5
        + Auto install inputstream.adaptive (mediaminister)
        + Fix latest Widevine version detection (dagwieers)
        + Check for Widevine updates on new release (mediaminister)
    </news>
        <platform>all</platform>
        <license>MIT License</license>
        <source>https://github.com/emilsvennesson/script.module.inputstreamhelper</source>
        <assets>
            <icon>resources/icon.png</icon>
        </assets>
    </extension>
</addon>
