<?xml version="1.0" encoding="UTF-8"?>
<addon id="repository.kodibae" name="[COLOR pink]Kodi Bae Repository[/COLOR]" version="2.0.0" provider-name="kodibae">
    <requires>
        <import addon="repository.thebackup" version="1.0.0"/>
    </requires>
    <extension point="xbmc.addon.repository" name="[COLOR pink]Kodi Bae Repository[/COLOR]">
    <dir>
        <info compressed="false">https://github.com/tvaddonsco/tva-resolvers-repo/raw/master/addons.xml</info>
        <checksum>https://github.com/tvaddonsco/tva-resolvers-repo/raw/master/addons.xml.md5</checksum>
        <datadir zip="true">https://github.com/tvaddonsco/tva-resolvers-repo/raw/master/zips/</datadir>
    </dir>
        <info compressed="false">https://raw.githubusercontent.com/kodibae/repository.kodibae/master/addons.xml</info>
        <checksum>https://raw.githubusercontent.com/kodibae/repository.kodibae/master/addons.xml.md5</checksum>
        <datadir zip="true">https://raw.githubusercontent.com/kodibae/repository.kodibae/master/</datadir>
    </extension>
    <extension point="xbmc.addon.metadata">
        <summary>Unofficial Addons for Kodi</summary>
        <description>Would you care for some salt with that fork?</description>
        <platform>all</platform>
    </extension>
</addon>