<?xml version="1.0" encoding="UTF-8" standalone="yes"?>
<addon id="script.ezmaintenance"
       name="EZ Maintenance"
       version="1.1.0"
       provider-name="SchisM">
  <requires>
    <import addon="xbmc.python" version="2.1.0"/>
  </requires>
 	<extension point="xbmc.python.pluginsource" library="default.py">
		<provides>video executable</provides>
	</extension> 
  <extension point="xbmc.service" library="service.py" start="startup" />
  <extension point="xbmc.addon.metadata">
    <platform>all</platform>
    <summary>Maintenance</summary>
    <description>Your one stop tool for clearing your device.</description>
    <language></language>
    <license></license>
    <source></source>
    <forum></forum>
    <website></website>
  </extension>
</addon>
