<?xml version="1.0" encoding="UTF-8" standalone="yes"?>
<addon id="script.module.soupsieve" name="Soup Sieve" version="1.9.6+leia.1" provider-name="Isaac Muse">
	<requires>
		<import addon="xbmc.python" version="2.26.0"/>
		<import addon="script.module.backports.functools_lru_cache" version="1.6.1"/>
	</requires>
	<extension point="xbmc.python.module" library="lib/" />
	<extension point="xbmc.addon.metadata">
		<summary lang="en_GB">A CSS selector library</summary>
		<description lang="en_GB">Soup Sieve is a CSS selector library designed to be used with Beautiful Soup 4. It aims to provide selecting, matching, and filtering using modern CSS selectors.</description>
		<license>MIT</license>
		<platform>all</platform>
		<website>https://pypi.org/project/soupsieve/</website>
		<source>https://github.com/facelessuser/soupsieve</source>
		<assets>
			<icon>icon.png</icon>
		</assets>
	</extension>
</addon>
