<?xml version="1.0" encoding="UTF-8" standalone="yes"?>
<addon id="script.module.urlresolver" name="URLResolver" version="55.0.50" provider-name="Lórien">
    <requires>
        <import addon="xbmc.python" version="2.1.0" />
        <import addon="plugin.video.youtube" optional="true" />
        <import addon="script.module.python.twitch" optional="true" />
        <import addon="script.module.cryptopy" version="1.2.6" optional="true" />
        <import addon="plugin.video.gdrive" optional="true" />
    </requires>
    <extension point="xbmc.python.module" library="lib" />
    <extension point="xbmc.python.pluginsource" library="lib/default.py" />
    <extension point="xbmc.addon.metadata">
        <platform>all</platform>
        <summary lang="en">I dont want ndigo, so i removed it. Period.</summary>
    </extension>
</addon>
