<?xml version="1.0" encoding="UTF-8" standalone="yes"?>
<addon id="script.module.schism.common" name="BK Reborn Common Libraries" version="2018.12.16" provider-name="[COLOR gold][B][Brackets][/B][/COLOR]">
	<requires>
		<import addon="xbmc.python" version="2.1.0" />
		<import addon="script.module.six" />
		<import addon="script.module.metahandler" />
		<import addon="script.module.beautifulsoup" />
	</requires>
	<extension point="xbmc.python.module" library="lib" />
	<extension point="xbmc.addon.metadata">
		<platform>all</platform>
		<summary lang="en">Collection of modules used by BK Reborn</summary>
		<description lang="en">Collection of modules used by BK Reborn</description>
		<license>GNU GENERAL PUBLIC LICENSE. Version 2, June 1991</license>
	</extension>
</addon>
