<?xml version="1.0" encoding="UTF-8" standalone="yes"?>
<addon id="plugin.video.shadow"                                                                                                                                    
	   name="Shadow"                                                 
	   version="3.4.9"                                                                                                                                        
	   provider-name="Darkness">
  <requires>
	
  </requires>
  <extension point="xbmc.python.pluginsource"
            library="default.py">
        <provides>video</provides>
  </extension>
  <extension library="resources/modules/" point="xbmc.python.module" />
  <extension library="resources/sources/" point="xbmc.python.module" />
  <extension library="resources/" point="xbmc.python.module" />
  <extension point="xbmc.addon.metadata">
	<reuselanguageinvoker>true</reuselanguageinvoker>
    <summary lang="en">The single light in the Darkness</summary>
    <description lang="en">All the media as fast as possible</description>
	
    <platform>all</platform>
	<assets>
            <icon>icon.png</icon>
            <fanart>fanart.jpg</fanart>
    </assets>
  </extension>
  
</addon>
