<arrakis>
    <naughtyroom>
        <dir>
            <title>Collection of Best Porn</title>
            <meta>
                <title>Collection of Best Porn</title>
                <summary>18+ content, and some of the best there is</summary>
            </meta>
            <link>file://adult/cobp/main.xml</link>
            <thumbnail>https://raw.githubusercontent.com/muaddibttv/artwork/master/arrakis/adult/cobp.png</thumbnail>
        </dir>

        <dir>
            <title>EPorner</title>
            <meta>
                <title>EPorner</title>
                <summary>The famous EPorner site, brought into your kodi</summary>
            </meta>
            <link>file://adult/eporner/main.xml</link>
            <thumbnail>https://raw.githubusercontent.com/muaddibttv/artwork/master/arrakis/adult/eporner.png</thumbnail>
        </dir>

        <dir>
            <title>Nude Celebrities</title>
            <meta>
                <title>Nude Celebrities</title>
                <summary>Where the famous become infamous</summary>
            </meta>
            <link>file://adult/cnw/main.xml</link>
            <thumbnail>https://raw.githubusercontent.com/muaddibttv/artwork/master/arrakis/adult/cnw.png</thumbnail>
        </dir>
    </naughtyroom>
</arrakis>