<?xml version="1.0" encoding="UTF-8" standalone="yes"?>
<addon id="metadata.artists.universal"
       name="Universal Artist Scraper"
       version="4.3.9"
       provider-name="Olympia, Team Kodi">
  <requires>
    <import addon="xbmc.metadata" version="2.1.0"/>
    <import addon="metadata.common.allmusic.com" version="3.1.0"/>
    <import addon="metadata.common.fanart.tv" version="3.1.0"/>
    <import addon="metadata.common.musicbrainz.org" version="2.1.0"/>
    <import addon="metadata.common.theaudiodb.com" version="2.0.0"/>
  </requires>
  <extension point="xbmc.metadata.scraper.artists"
             language="en"
             library="artistuniversal.xml"/>
  <extension point="xbmc.addon.metadata">
    <platform>all</platform>
    <license>GPL v2.0</license>
    <forum>https://forum.kodi.tv/showthread.php?tid=132623</forum>
    <assets>
        <icon>icon.png</icon>
    </assets>
    <summary lang="af_ZA">Universal Skraper vir Kunstenaars</summary>
    <summary lang="ar_SA">ماسحة الفنان العالمية</summary>
    <summary lang="be_BY">Універсальны сродак атрымання звестак пра выканаўцаў</summary>
    <summary lang="bg_BG">Универсален източник за информация за артисти</summary>
    <summary lang="ca_ES">Arreplegador universal per artistes</summary>
    <summary lang="cs_CZ">Univerzální zdroj získávání dat pro umělce</summary>
    <summary lang="cy_GB">Crafwr Cyffredinol ar gyfer Artistiaid</summary>
    <summary lang="da_DK">Universel scraper til kunstnere</summary>
    <summary lang="de_DE">Universeller Scraper für Interpreten</summary>
    <summary lang="el_GR">Universal Scraper Καλλιτεχνών</summary>
    <summary lang="en_GB">Universal Scraper for Artists</summary>
    <summary lang="en_NZ">Universal Scraper for Artists</summary>
    <summary lang="en_US">Universal Scraper for Artists</summary>
    <summary lang="es_AR">Scraper Universal para Artistas</summary>
    <summary lang="es_ES">Scraper universal para Intérpretes</summary>
    <summary lang="es_MX">Scraper Universal de Artistas</summary>
    <summary lang="et_EE">Universaalne esitajate kaabits</summary>
    <summary lang="fi_FI">Universaali tietolähde esittäjille</summary>
    <summary lang="fr_CA">Extracteur universel pour les artistes</summary>
    <summary lang="fr_FR">Collecteur universel d&apos;artistes</summary>
    <summary lang="gl_ES">Scraper Universal para Artistas</summary>
    <summary lang="he_IL">Universa סקרייפר אמנים</summary>
    <summary lang="hr_HR">Univerzalni sakupljač informacija izvođača</summary>
    <summary lang="hu_HU">Univerzális előadó leolvasó</summary>
    <summary lang="id_ID">Pengais Universal untuk Artis</summary>
    <summary lang="is_IS">Almenn skafa fyrir flytjendur</summary>
    <summary lang="it_IT">Scraper universale degli artisti</summary>
    <summary lang="ja_JP">汎用アーティストスクレーパー</summary>
    <summary lang="ko_KR">아티스트를 위한 범용 스크레이퍼</summary>
    <summary lang="lt_LT">Universalus Artistų Scrapers</summary>
    <summary lang="lv_LV">Mākslinieku universālais skrāpis</summary>
    <summary lang="ms_MY">Pengikis Universal untuk Artis</summary>
    <summary lang="my_MM">အနုပညာရှင်များအတွက် Universal Scraper</summary>
    <summary lang="nb_NO">Universalskraper for artister</summary>
    <summary lang="nl_NL">Universele scraper voor artiesten</summary>
    <summary lang="pl_PL">Universal Scraper informacji o artystach muzycznych</summary>
    <summary lang="pt_BR">Scraper Universal para Artistas</summary>
    <summary lang="pt_PT">Colector universal para Artistas</summary>
    <summary lang="ro_RO">Scraper universal pentru artisti</summary>
    <summary lang="ru_RU">Универсальный скрапер для исполнителей</summary>
    <summary lang="sk_SK">Univerzálny zdroj získavania dát pre umelcov</summary>
    <summary lang="sl_SI">Univerzalen ponudnik informacij o izvajalcih</summary>
    <summary lang="sv_SE">Universiell artistskrapa</summary>
    <summary lang="ta_IN">கலைஞர்களின் ஒட்டு மொத்தமான சுரண்டி</summary>
    <summary lang="tr_TR">Sanatçılar için Genel Bilgi Sağlayıcı</summary>
    <summary lang="uk_UA">Універсальний здирач для виконавців</summary>
    <summary lang="vi_VN">Trình lấy dữ liệu Nghệ sĩ từ nhiều nguồn</summary>
    <summary lang="zh_CN">通用歌手信息刮削器</summary>
    <summary lang="zh_TW">通用演出者訊息搜括器</summary>
    <description lang="af_ZA">Hierdie skraper versamel informasie van die volgende ondersteunde werwe: TheAudioDb.com, MusicBrainz, last.fm, en allmusic.com, terwyl kunswerke gryp van: fanart.tv, htbackdrops.com, last.fm en allmusic.com. Dit kan veld vir veld gestel word vanaf watter werf jy die spesifike informasie wil hê.[CR][CR]Die aanvanklike soektog word altyd op MusicBrainz gedoen. Ingeval die allmusic skakel nie bygevoeg is op die MusicBrainz werf, kan velde van allmusic.com nie gaan haal word nie (egter baie maklik om daardie ontbrekende skakels by te voeg).</description>
    <description lang="ar_SA">هذه الماسحة تجمع المعلومات من المواقع المدعومة التالية: TheAudioDb.com, MusicBrainz, last.fm, and allmusic.com, في حين تأخذ عناوين الأعمال الفنية من: fanart.tv, htbackdrops.com, last.fm and allmusic.com. يمكن أن ترتب حقل تلو حقل حسب الموقع الذي تريد منه تلك المعلومة المحددة.[CR][CR]البحث الابتدائي يتم دائما على ميوزك برينز. في حال أن رابط كل الموسيقى غير مضاف على حقول موقع ميوزك برينز من allmusic.com لا يمكن الحصول عليها(على الرغم من سهولة إضافة هذه الروابط المفقودة).</description>
    <description lang="be_BY">Гэты сканер збірае інфармацыю з наступных сайтаў: TheAudioDb.com, MusicBrainz, last.fm, allmusic.com, і бярэ вокладкі з: fanart.tv, htbackdrops.com, last.fm і allmusic.com. Кожнае поле можна наладзіць, каб атрымліваць інфармацыю з патрэбных вам крыніц.[CR][CR]Спачатку пошук выконваецца на MusicBrainz. Калі на сайце MusicBrainz не дададзеная спасылка на allmusic, то палі з allmusic.com не будуць запаўняцца (спасылку вельмі лёгка дадаць).</description>
    <description lang="bg_BG">Сваля информация от следните сайтове: TheAudioDb.com, MusicBrainz, last.fm, and allmusic.com. Изобрания извлича от: fanart.tv, htbackdrops.com, last.fm and allmusic.com. Можете да определите от кой сайт каква информация да се сваля.[CR][CR]Първоначалното търсене винаги се прави в MusicBrainz. Когато не е налична препратка към allmusic.com на сайта на MusicBrainz извличането на информация от allmusic.com става невъзможно (добавянето на препратка е много лесно).</description>
    <description lang="ca_ES">Aquest arreplegador recull informació dels següents llocs suportats</description>
    <description lang="cs_CZ">Tento zdroj dat získává informace z následujících podporovaných stránek: TheAudioDb.com, MusicBrainz, last.fm, and allmusic.com, while grabs artwork from: fanart.tv, htbackdrops.com, last.fm a allmusic.com. Lze nastavit jakou informaci stahovat z jakých stránek.[CR][CR]Základní hledání je vždy provedeno na MusicBrainz. V případě, že schází odkaz allmusic na stránce MusicBrains, nelze stáhnout informace z allmusic.com (avšak je velmi snadné chybějící odkazy přidat).</description>
    <description lang="cy_GB">Mae&apos;r crafwr yn casglu gwybodaeth o&apos;r gwefannau canlynol: TheAudioDb.com, MusicBrainz, last.fm, a allmusic.com, tra&apos;n cipio gwaith celf o: fanart.tv, htbackdrops.com, last.fm a allmusic.com. Mae modd ei osod fesul maes i ddewis pa wefan i gasglu gwybodaeth benodol.[CR][CR]Bydd y chwilio cychwynnol yn cael ei wneud ar MusicBrainz. Rhag ofn nad yw dolen allmusic wedi ei osod ar wefan MusicBrainz nid oes modd estyn meysydd o allmusic.com (mae&apos;n hawdd gosod y dolenni coll hynny).</description>
    <description lang="da_DK">Denne scraper samler information fra følgende sider: TheAudioDb.com, MusicBrainz, last.fm, og allmusic.com, og henter illustrationer fra: fanart.tv, htbackdrops.com, last.fm og allmusic.com. Det kan vælges felt for felt, fra hvilke sider du ønsker, at få de pågældende informationer fra.[CR][CR]Den første søgning er altid på MusicBrainz. Hvis ikke allmusic linket er tilføjet på MusicBrainz side, kan felter fra allmusic.com ikke hentes (men det er helt enkelt at tilføje de manglende links).</description>
    <description lang="de_DE">Dieser Scraper sammelt Informationen von den folgenden unterstützten Websites: MusicBrainz, Last.fm, Allmusic.com und Amazon.de. Es werden dabei Grafiken von den folgenden Seiten geladen: Fanart.tv, Last.fm und Allmusic.com. Von welcher Seite die Informationen geladen werden, kann einzeln konfiguriert werden.⏎ [CR]⏎[CR]Die initialie Suche wird immer über MusicBrainz durchgeführt. Sollten keine Allmusic- und/oder Amazon.de-Links auf der MusicBrainz-Seite gesetzt worden sein, können Felder von Allmusic.com und/oder Amazon.de nicht geladen werden (fehlende Links können jedoch sehr einfach hinzugefügt werden).</description>
    <description lang="el_GR">Αυτό το scraper συλλέγει πληροφορίες από τις ακόλουθες υποστηριζόμενες ιστοσελίδες: TheAudioDb.com, MusicBrainz, last.fm και allmusic.com, ενώ λαμβάνει εικόνες από τα: fanart.tv, htbackdrops.com, last.fm και allmusic.com. Μπορεί να οριστεί πεδίο ανά πεδίο αναλόγως των πληροφοριών που επιθυμείτε από την εκάστοτε ιστοσελίδα.[CR][CR]Η αρχική αναζήτηση γίνεται πάντα στο MusicBrainz. Σε περίπτωση που δεν έχουν προστεθεί σύνδεσμοι για το allmusic στο MusicBrainz, δε θα μπορούν να ληφθούν πεδία από το allmusic.com (ωστόσο είναι πολύ εύκολο να προστεθούν αυτοί οι ελλιπείς σύνδεσμοι).</description>
    <description lang="en_GB">This scraper collects information from the following supported sites: TheAudioDb.com, MusicBrainz, last.fm, and allmusic.com, while grabs artwork from: fanart.tv, htbackdrops.com, last.fm and allmusic.com. It can be set field by field that from which site you want that specific information.[CR][CR]The initial search is always done on MusicBrainz. In case allmusic link is not added on the MusicBrainz site fields from allmusic.com cannot be fetched (very easy to add those missing links though).</description>
    <description lang="en_US">This scraper collects information from the following supported sites: TheAudioDb.com, MusicBrainz and allmusic.com, while grabs artwork from: fanart.tv, htbackdrops.com and allmusic.com. It can be set field by field that from which site you want that specific information.[CR][CR]The initial search is always done on MusicBrainz. In case allmusic link is not added on the MusicBrainz site fields from allmusic.com cannot be fetched (very easy to add those missing links though).</description>
    <description lang="es_AR">Este scraper recopila información de las siguientes webs: TheAudioDb.com, MusicBrainz, last.fm y allmusic.com, mientras que obtiene las imágenes de fanart.tv, htbackdrops.com, last.fm y allmusic.com. Permite especificar de qué web se quiere obtener la información específica. ⏎ ⏎ La búsqueda inicial se realiza siempre en MusicBrainz. En caso de que los enlaces a allmusic no estén añadidos en la web de MusicBrainz, no se podrán obtener los campos de información de este sitio (aunque es muy fácil añadir esos enlaces que faltan).</description>
    <description lang="es_ES">Este scraper recopila información de las siguientes webs: TheAudioDb.com, MusicBrainz, last.fm y allmusic.com, mientras obtiene las imágenes de fanart.tv, htbackdrops.com, last.fm y allmusic.com. Permite especificar de qué web se quiere obtener la información específica. ⏎ ⏎ La búsqueda inicial se realiza siempre en MusicBrainz. En caso de que los enlaces a allmusic no estén añadidos en la web de MusicBrainz, no se podrán obtener los campos de información de este sitio (aunque es muy fácil añadir esos enlaces que faltan).</description>
    <description lang="es_MX">Este scraper obtiene información de los siguientes sitios soportados: TheAudioDb.com, MusicBrainz, last.fm y allmusic.com, mientras obtiene artwork de: fanart.tv, htbackdrops.com, last.fm y allmusic.com. Puede ser configurado campo por campo de que sitio quieres esa información específica.[CR][CR]La búsqueda inicial siempre es hecha en MusicBrainz. En el caso en que los enlaces de allmusic no son agregados en el sitio de MusicBrainz, campos de allmusic.com no pueden ser obtenidos. (De cualquier manera es muy fácil agregar esos enlaces no encontrados).</description>
    <description lang="et_EE">See kraabits kogub infot järgmistelt lehtedelt: TheAudioDb.com, MusicBrainz, last.fm ja allmusic.com, pilte: fanart.tv, htbackdrops.com, last.fm ja allmusic.com. Saad välja kaupa määrata, milliselt lehelt mis infot soovid.[CR][CR]Esmane otsing tehakse alati saidilt MusicBrainz. Kui MusicBrainz lehele pole allmusic linki lisatud, siis allmusic.com lehelt sisu hankida ei saa (puuduvaid linke saad ise lihtsalt lisada).</description>
    <description lang="fi_FI">Noutaa tietoja TheAudioDB.com, MusicBrainz, Last.fm ja AllMusic -verkkopalveluista ja mediakuvituksia Fanart.tv, HTBackdrops.com ja AllMusic -palveluista. Voit valita, mistä palveluista tietoja noudetaan.[CR][CR]Ensimmäinen nouto tehdään aina MusicBrainz-palvelusta ja jollei MusicBrainz tarjoa AllMusic-linkkiä, ei sen tukemien kenttien nouto onnistu (joskin puuttuvat linkit on varsin helppo lisätä itsekin).</description>
    <description lang="fr_CA">Cet extracteur recueille des informations depuis les sites pris en charge suivants : TheAudioDb.com, MusicBrainz, last.fm et allmusic.com, alors qu&apos;il récupère les illustrations depuis : fanart.tv, htbackdrops.com, last.fm et allmusic.com. Il est possible de configurer champ par champ depuis quel site l&apos;information doit être récupérée.[CR][CR]La recherche initiale est toujours faite sur MusicBrainz. Dans le cas où les liens allmusic ne sont pas ajoutés sur le site de MusicBrainz, les champs provenant de allmusic.com ne peuvent pas être récupérés (il est par contre très simple d&apos;ajouter ces liens manquants).</description>
    <description lang="fr_FR">Ce collecteur répertorie les informations des sites suivants : TheAudioDb.com, MusicBrainz, Last.fm et allmusic.com tout en assemblant les illustrations depuis : fanart.tv, htbackdrops.com, last.fm et allmusic.com. Vous pouvez définir la source d&apos;information pour chaque champ.[CR][CR]La recherche initiale est toujours faite à partir de MusicBrainz. xxxxxxxx (en attente du retour de l&apos;équipe Kodi) xxxxxxxxxxx</description>
    <description lang="gl_ES">Este scraper recolle información dos seguintes sitios:[CR]TheAudioDb.com, MusicBrainz, last.fm e allmusic.com, mentres que, obtén as imaxes de: fanart.tv, htbackdrops.com, last.fm e allmusic.com. Pode definir en cada campo o sitio de onde quere obter a información.[CR][CR]A busca inicial é feita sempre no MusicBrainz, no caso de que a ligazón a allmusic non se teña engadido nos campos do sítio MusicBrainz dende allmusic.com, non se poderán obter (aínda que, é moi doado engadir as ligazóns que faltan).</description>
    <description lang="he_IL">סקרייפר זה אוסף מידע מהתארים הנתמכים הבאים: TheAudioDb.com, MusicBrainz, last.fm, and allmusic.com, בעוד שמשיכת גרפיקה נעשית דרך: fanart.tv, htbackdrops.com, last.fm and allmusic.com. יש אפשרות להגדיר את זאת שדה אחר שדה מאיזה אתר ברצונך למשוך את המידע הספציפי.⏎ ⏎ החיפוש הפנימי נעשה תמיד דרך MusicBrainz. במקרה שקישור allmusic לא התווסף באתר MusicBrainz, השדות מאת allmusic.com אינן יכולות להימשך (למרות שזה מאוד קל להוסיף את הקישורים הריקים).</description>
    <description lang="hr_HR">Ovaj sakupljač prikuplja informacije sa sljedećih podržanih stranica: TheAudioDb.com, MusicBrainz, last.fm i allmusic.com, dok preuzima omote filmova sa: fanart.tv, last.fm i allmusic.com. Može poredati popis stranica iz kojih želite sakupiti informacije jednu iza druge.[CR][CR]Pretraga uvijek započinje na MusicBrainzu. U slučaju da allmusic poveznica nije dodana na MusicBrainz stranicu, polja sa allmusic.com ne mogu se nabaviti (ali je vrlo jednostavno moguće dodati te nedostajuće poveznice).</description>
    <description lang="hu_HU">Ez a leolvasó a következő weboldalakról gyűjti be az adatokat: TheAudioDb.com, MusicBrainz, last.fm és allmusic.com, míg képeket a következő oldalakról gyűjt: fanart.tv, htbackdrops.com, last.fm és allmusic.com. Egyenként beállítható, hogy az adott mezőt melyik weboldalról töltse fel[CR][CR]A kiinduló keresés mindig a MusicBrainz. Amennyiben az allmusic utalás nincs hozzáadva MusicBrainz oldalhoz, a mezők nem tölthetők le az allmusic.com oldalról (a hiányzó utalások hozzáadása azonban nagyon egyszerű).</description>
    <description lang="id_ID">Pengais ini mengambil informasi dari berbagai situs yang mendukung: TheAudioDb.com, MusicBrainz, last.fm dan allmusic.com, sembari mengambil artwork dari: fanart.tv, htbackdrops.com. last.fm dan allmusic.com. Ini dapat diatur perbagian dari situ mana informasi tertentu akan diambil.[CR][CR]Pencarian awal akan dilakukan di MusicBrainz. Apabila tautan dari allmusic belum ditambahkan di situs MusicBrainz, bagian dari allmusic.com tidak dapat ditarik (Namun sangatlah mudah menambahkan tautan tersebut).</description>
    <description lang="is_IS">Þessi skafa safnar sama upplýsingum frá eftirfarandi studdum stöðum: TheAudioDb.com, MusicBrainz, last.fm, og allmusic.com, og á meðan nær hún í myndir frá: fanart.tv, htbackdrops.com, last.fm og allmusic.com. Hægt er að stilla reit fyrir reit hvaðan upplýsingarnar koma.[CR][CR]Leitin byrjar alltaf á MusicBrainz. Ef allmusic tenglar eru ekki á MusicBrainz veitunni, næst ekki í upplýsingarnar frá allmusic.com (mjög auðvelt að bæta tenglunum við samt).</description>
    <description lang="it_IT">Lo scraper colleziona informazioni da questi siti supportati: TheAudioDb.com, MusicBrainz, last.fm, e allmusic.com, mentre ottiene le grafiche da: fanart.tv, htbackdrops.com, last.fm e allmusic.com. Può essere impostato campo per campo da quale sito vuoi la specifica informazione.[CR][CR]La ricerca iniziale è sempre fatta su MusicBrainz. Nel caso che il link allmusic non è stato aggiunto al campo del sito MusicBrainz da allmusic.com; non possono essere ottenute (è comunque veramente facile aggiungere questi link mancanti).</description>
    <description lang="ja_JP">このスクレーパーは、以下のサイトから情報を取得します：TheAudioDb.com, MusicBrainz, last.fm, allmusic.com。アートワークは以下のサイトから取得します：fanart.tv, htbackdrops.com, last.fm, allmusic.com。各フィールドごとに、どの情報をどのサイトから取得するか、個別に指定することもできます。[CR][CR]最初は MusicBrainz を使って検索が行われます。MusicBrainz サイトに allmusic のリンクが追加されていない場合は、allmusic.com からのフィールドは取得できません (リンクを追加するのは簡単ですが)。</description>
    <description lang="ko_KR">이 자료수집기는 다음의 사이트에서 정보를 가져옵니다: TheAudioDb.com, MusicBrainz, last.fm, allmusic.com.아트워크는 다음의 사이트에서 가져옵니다: fanart.tv, htbackdrops.com, last.fm, allmusic.com. 특정 정보를 지정한 사이트에서 가져오도록 필드별로 설정할 수 있습니다.[CR][CR]초기 검색은 항상 MusicBrainz에서 수행합니다. allmusic 링크가 MusicBrainz 사이트의 필드에 추가되어 있지 않은 경우 정보를 가져올 수 없습니다(누락된 링크는 쉽게 추가할 수 있습니다).</description>
    <description lang="lt_LT">Šis Scrapers renka informaciją iš šių palaikomų svetainių: TheAudioDb.com, MusicBrainz, last.fm, ir allmusic.com, ir atsiunčia meno kūrinius iš: fanart.tv, htbackdrops.com, last.fm ir allmusic.com. Jis gali būti nustatyti lauko srityje, kurioje svetainėje norite, kad konkrečiu atveju pradinė informacijos pradinis paieška visada bus atlikta remiantis MusicBrainz. Allmusic nuoroda įdėta į MusicBrainz vietoje laukų allmusic.com negali būti (nors tas trūkstamas grandis labai lengva įtraukti).</description>
    <description lang="ms_MY">Pengikis ini mendapatkan maklumat dari laman tersokong berikut: TheAudioDb.com, MusicBrainz, last.fm dan allmusic.com, manakala ia dapatkan kerja seni dari: fanart.tv, htbckdrops.com, last.fm dan allmusic.com. Ia boleh tetapkan medan mengikut medan supaya anda boleh dapatkan maklumat khusus dari laman tertentu.⏎[CR]⏎[CR]Gelintar awalan sentiasa bermula dengan MusicBrainz. Pautan allmusic tidak ditambah ke laman MusicBrainz, medan dari allmusic.com sukar didapati.</description>
    <description lang="my_MM">ဒီ Scraper သည် အချက်အလက်များကို အောက်ဖော်ပြပါ ထောက်ပံ့ထားသော ဆိုဒ်များမှ စုဆောင်းပါသည်။ ထိုဆိုဒ်များမှာ TheAudioDb.com,MusicBrainz,last..fm, နှင့် allmusic.com တို့ဖြစ်သည်။</description>
    <description lang="nb_NO">Denne skraperen samler informasjon fra følgende støttede steder: TheAudioDb.com, MusicBrainz, last.fm og allmusic.com, mens den henter artwork fra: fanart.tv, htbackdrops.com, last.fm og allmusic.com. Du kan stegvis velge hvilken kilde du ønsker og hente spesifikk informasjon fra.[CR][CR]Det første søket er alltid gjort hos MusicBrainz. I tilfeller hvor allmusic-linker ikke er lagt til hos MusicBrainz-siden, kan ikke felter fra allmusic.com hentes (det er veldig lett å legge til de manglende linkene).</description>
    <description lang="nl_NL">Deze scraper verzamelt informatie van de volgende ondersteunde websites: TheAudioDb.com, MusicBrainz, last.fm, en allmusic.com en tevens pakt hij afbeeldingen van fanart.tv, htbackdrops.com, last.fm en allmusic.com. Het is mogelijk om per veld aan te geven van welke website je de specifieke informatie wilt halen.[CR][CR]De initiële zoekopdracht wordt altijd uitgevoerd op MusicBrainz. Wanneer de allmusic link niet is toegevoegd in de juiste velden op de MusicBrainz website kan de informatie van allmusic.com niet worden opgehaald. (Het is erg makkelijk om deze ontbrekende links toe te voegen.)</description>
    <description lang="pl_PL">Ten ekstraktor pobiera informacje z następujących stron: TheAudioDb.com, MusicBrainz, last.fm, and allmusic.com, a grafiki pobiera z: fanart.tv, htbackdrops.com, last.fm i allmusic.com. Dla każdego pola z informacjami można wybrać osobną stronę.[CR][CR]Początkowe wyszukiwanie jest zawsze wykonywane w serwisie MusicBrainz. Gdy wyszukiwanie nie jest wskazane na stronę MusicBrainz, następuje przeszukiwanie serwisu allmusic.com (brakujące linki można łatwo dodać później).</description>
    <description lang="pt_BR">Este scraper coleta informações nos seguintes sites:[CR]MusicBrainz, last.fm, allmusic.com e amazon.de, enquanto pega os artwork de: fanart.tv, last.fm and allmusic.com. O Mesmo pode ser configurara campo a campo em que site você quer obter informações específicas. A procura inicial é sempre feita no MusicBrainz. No caso allmusic e/ou amazon.de não terem sido adicionados no site MusicBrainz, campos de allmusic.com e/ou amazona.de não serão buscados (embora seja muito fácil adicionar os links faltantes).</description>
    <description lang="pt_PT">Este colector recolhe informações dos seguintes sítios:[CR]TheAudioDb.com, MusicBrainz, last.fm e allmusic.com, enquanto obtém artwork de: fanart.tv, htbackdrops.com, last.fm e allmusic.com. Pode definir em cada campo o sítio de onde quer obter as informações. [CR][CR]A pesquisa inicial é sempre feita no MusicBrainz. Caso um endereço allmusic não tenha sido adicionado no sítio MusicBrainz, os campos do allmusic.com não serão obtidos (no entanto, é muito fácil adicionar os links em falta).</description>
    <description lang="ro_RO">Acest scraper colectează informații de la următoarele site-uri suportate: TheAudioDb.com, MusicBrainz, last.fm, și allmusic.com, și opere de artă de la: fanart.tv, htbackdrops.com, last.fm și allmusic.com. Poate fi setat câmp cu câmp de pe care site-ul doriți informații specifice ⏎ ⏎ căutarea inițială se face întotdeauna face pe MusicBrainz.. În cazul în care link-ul Allmusic nu este adăugat la MusicBrainz, allmusic.com nu poate fi folosit (însă este relativ ușor să adăugați aceste link-uri lipsă).</description>
    <description lang="ru_RU">Этот скрапер собирает информацию со следующих сайтов: TheAudioDb.com, MusicBrainz, last.fm и allmusic.com, при этом получая обложки с: fanart.tv, htbackdrops.com, last.fm и allmusic.com. Каждое поле может быть настроено для получения определенной информации с желаемого вами сайта.⏎ ⏎ Первичный поиск всегда производится на MusicBrainz. Если линк для allmusic не добавлен на сайте MusicBrainz, то поля с allmusic.com не могут быть заполнены (добавить отсутствующие ссылки очень легко).</description>
    <description lang="sk_SK">Tento zdroj získavania dát zbiera infomácie z nasledujúcich podporovaných stránok: TheAudioDb.com, MusicBrainz, last.fm a allmusic.com. Grafiku získava zo stránok: fanart.tv, htbackdrops.com, last.fm a allmusic.com. Je možné podrobne nastaviť, z ktorej stránky chcete získať konkrétne informácie.[CR][CR]Počiatočné hľadanie je vždy na stránke MusicBrainz. V prípade, že odkaz pre allmusic nie je pridaný na stránku MusicBrainz, nie je možné získať údaje zo stránky allmusic.com (je ale veľmi jednoduché tieto chýbajúce odkazy pridať).</description>
    <description lang="sl_SI">Ta ponudnik združuje informacije s sledečih strani: TheAudioDb.com, MusicBrainz, last.fm in allmusic.com; grafike prenaša z: fanart.tv, htbackdrops.com, last.fm in allmusic.com. Vsako informacijo lahko prenesete z različne strani.[CR][CR]Začeno iskanje je vedno na MusicBrainz. V primeru, da na MusicBrainz ni povezave do allmusic.com, informacij od tam ne morete prenesti (a to težavo hitro lahko odpravite).</description>
    <description lang="sv_SE">Denna skrapa samlar information från följande sajter: TheAudioDb.com, MusicBrainz, last.fm och allmusic.com, medans den samlar konstverk från: fanart.tv, htbackdrops.com, last.fm och allmusic.com. Du kan ange fält för fält från vilken sajt du vill ha den specifika inforamtionen från. Den initiala sökningen är alltid gjord på MusicBrainz. Om inte allmusic.com länken läggs till på MusicBrainz sajten, kan inte fält från allmusic.com hämtas (väldigt enkelt att lägga till dom saknade länkarna dock).</description>
    <description lang="ta_IN">இந்த சுரண்டியானது TheAudioDb.com, MusicBrainz, last.fm, allmusic.com ஆகிய இணையதளத்தில் இருந்து தகவல்களை சேகரிக்கும். திரை குறும்படங்களை fanart.tv, htbackdrops.com, last.fm மற்றும் allmusic.com ஆகிய இணையதளத்தில் இருந்து தகவல்களை சேகரிக்கும். ⏎ ⏎ முதன்மை தேடல் எப்போதும் MusicBrainz தான் நடக்கும். allmusic மற்றும் amazon.de சேர்க்கபடாவிட்டால் அவற்றில் இருந்து தகவல்கள் செமிக்கபடமாட்டது (தவறிய இணைப்புகளை சேர்ப்பது மிகவும் எளிது).</description>
    <description lang="tr_TR">Bu bilgi sağlayıcı aşağıdaki desteklenen sitelerden bilgi toplar: TheAudioDb.com, MusicBrainz, last.fm ve allmusic.com; albüm resimlerini ise fanart.tv, htbackdrops.com, last.fm ve allmusic.com sitelerinden alır. Hangi siteden hangi bilgiyi almak istediğinizi ilgili alanda belirtebilirsiniz.[CR][CR]İlk arama her zaman MusicBrainz&apos;de yapılır. allmusic bağlantısının MusicBrainz site alanlarına eklenmediği durumlarda allmusic.com&apos;dan veri getirimi yapılamaz (eksik bağlantılar kolaylıkla eklenebilir).</description>
    <description lang="uk_UA">Здирач збирає інформацію з наступних сторінок: TheAudioDb.com, MusicBrainz, last.fm та allmusic.com, тоді як отримує обкладинки з: fanart.tv, htbackdrops.com, last.fm та allmusic.com. Для кожного поля можно вказати з якої сторінки ви бажаєте його заповнити.[CR][CR]Початковий пошук завжди робиться на MusicBrainz. Якщо посилання з allmusic не додаються на сторінку MusicBrainz, тоді поля з allmusic.com неможливо отримати (однак дуже легко додати ці пропущені посилання).</description>
    <description lang="vi_VN">Trình này thu thập thông tin từ những site được hỗ trợ như: TheAudioDb.com, MusicBrainz, last.fm, allmusic.com, và lấy ảnh bìa từ các nguồn: fanart.tv, htbackdrops.com, last.fm và allmusic.com. Bạn có thể tùy chỉnh chọn từng thứ riêng biệt để lấy từ site bạn muốn.[CR][CR]Lần tìm kiếm đầu tiên luôn luôn được sử dụng từ MusicBrainz. Trong trường hợp các link allmusic không có trên MusicBrainz, các trường từ allmusic.com sẽ không thể lấy về được (tuy nhiên rất dễ để tự thêm vào các link này bằng tay).</description>
    <description lang="zh_CN">本刮削器支持从以下网站获取信息：TheAudioDb.com、MusicBrainz、last.fm 和 allmusic.com，并从以下网站获取艺术图片：fanart.tv、htbackdrops.com、last.fm 和 allmusic.com。你可以指定每一项内容的来源网站。[CR][CR]初始结果总是先从 MusicBrainz 获取，如果 MusicBrainz 网站未加入到 allmusic 的外部链接，则无法获取 allmusic.com 的信息（当然你能很容易地加入缺失的链接）。</description>
    <description lang="zh_TW">本搜刮器支援從以下網站取得資訊：TheAudioDb.com、MusicBrainz、last.fm和allmusic.com，並從以下網站取得專輯圖片：fanart.tv、htbackdrops.com、last.fm和allmusic.com。您可以指定每一項內容的來源網站。[CR][CR]初始搜尋結果總是先從MusicBrainz取得，如果MusicBrainz網站未加入到allmusic的外部連結，則無法取得allmusic.com的資訊 (當然您能很輕易地加入遺失的連結)。</description>
  </extension>
</addon>
