<?xml version="1.0" encoding="UTF-8" standalone="yes"?>
<addon id="repository.chikiryrepo" name="[COLOR red]chikiryrepo[/COLOR]" version="3.0" provider-name="chikiry">
    <extension point="xbmc.addon.repository" name="chikiryrepo">
    	<dir minversion="18.9.0">
		    <info compressed="false">https://raw.githubusercontent.com/chikiry/chikiryrepo/master/Repositorio/addons.xml</info>
		    <checksum>https://raw.githubusercontent.com/chikiry/chikiryrepo/master/Repositorio/addons.xml.md5</checksum>
		    <datadir zip="true">https://raw.githubusercontent.com/chikiry/chikiryrepo/master/Repositorio/</datadir>
	    </dir>
	</extension>
	<extension point="xbmc.addon.metadata">
		<summary></summary>
   		<description lang="en">Repositorio de chikiry</description>
		<platform>all</platform>
		<assets>
            <icon>icon.png</icon>
            <fanart>fanart.jpg</fanart>
        </assets>
	</extension>
</addon>