{

  "32024":"http://narcacist.com/images/asg/fanart.jpg",
  "32025":"http://narcacist.com/images/asg/fanart.jpg",
  "32026":"http://narcacist.com/images/asg/fanart.jpg",
  "32027":"http://narcacist.com/images/asg/fanart.jpg",
  "32020":"http://narcacist.com/images/asg/fanart.jpg",
  "32021":"http://narcacist.com/images/asg/fanart.jpg",
  "32022":"http://narcacist.com/images/asg/fanart.jpg",
  "32028":"http://narcacist.com/images/asg/fanart.jpg",
  "32029":"http://narcacist.com/images/asg/fanart.jpg",
  "32030":"http://narcacist.com/images/asg/fanart.jpg",
  "32031":"http://narcacist.com/images/asg/fanart.jpg",
  "32032":"http://narcacist.com/images/asg/fanart.jpg",
  "32033":"http://narcacist.com/images/asg/fanart.jpg",
  "32034":"http://narcacist.com/images/asg/fanart.jpg",
  "32309":"http://narcacist.com/images/asg/fanart.jpg",
  "32295":"http://narcacist.com/images/asg/fanart.jpg",
  "32036":"http://narcacist.com/images/asg/fanart.jpg",
  "32037":"http://narcacist.com/images/asg/fanart.jpg",
  "32038":"http://narcacist.com/images/asg/fanart.jpg",
  "32039":"http://narcacist.com/images/asg/fanart.jpg",
  "32040":"http://narcacist.com/images/asg/fanart.jpg",
  "32041":"http://narcacist.com/images/asg/fanart.jpg",
  "32042":"http://narcacist.com/images/asg/fanart.jpg",
  "32043":"http://narcacist.com/images/asg/fanart.jpg",
  "32044":"http://narcacist.com/images/asg/fanart.jpg",
  "32045":"http://narcacist.com/images/asg/fanart.jpg",
  "32046":"http://narcacist.com/images/asg/fanart.jpg",
  "32047":"http://narcacist.com/images/asg/fanart.jpg",
  "32023":"http://narcacist.com/images/asg/fanart.jpg",
  "32012":"http://narcacist.com/images/asg/fanart.jpg",
  "32013":"http://narcacist.com/images/asg/fanart.jpg",
  "32014":"http://narcacist.com/images/asg/fanart.jpg",
  "32015":"http://narcacist.com/images/asg/fanart.jpg",
  "32016":"http://narcacist.com/images/asg/fanart.jpg",
  "32017":"http://narcacist.com/images/asg/fanart.jpg",
  "32018":"http://narcacist.com/images/asg/fanart.jpg",
  "32019":"http://narcacist.com/images/asg/fanart.jpg",
  "32313":"http://narcacist.com/images/asg/fanart.jpg"
 
  

}