﻿<?xml version="1.0" encoding="UTF-8" standalone="yes"?>
<addon id="plugin.video.metallik" name="[COLOR ff0084ff]M[/COLOR]etalliK" version="1.0.9" provider-name="KoDIY Help">
	<requires>
		<import addon="xbmc.python" version="2.19.0"/>
		<import addon="script.module.requests" version="2.9.1"/>
		<import addon="script.module.futures" version="2.2.0"/>
	</requires>
	<extension point="xbmc.python.pluginsource" library="default.py">
		<provides>video audio</provides>
	</extension>
	<extension point="xbmc.service" library="service.py" start="[login|startup]">
	</extension>
	<extension point="kodi.context.item">
		<menu id="kodi.core.main">
			<menu>
				<label>MetalliK</label>
				<item library="context_toggle.py">
					<label>Preferred toggle</label>
					<visible>!System.HasAddon(context.metallik) + !Skin.HasSetting(Toggling)</visible>
				</item>
				<item library="context_movie.py">
					<label>$ADDON[plugin.video.metallik 30602]</label>
					<visible>StringCompare(ListItem.dbtype,movie) + SubString(ListItem.Path, plugin.video.metallik)</visible>
				</item>
				<item library="context_tvshow.py">
					<label>$ADDON[plugin.video.metallik 30602]</label>
					<visible>StringCompare(ListItem.dbtype,tvshow) + SubString(ListItem.Path, plugin.video.metallik)</visible>
				</item>
				<item library="context_live.py">
					<label>$ADDON[plugin.video.metallik 30602]</label>
					<visible>[SubString(ListItem.FileNameAndPath, plugin.video.metallik\\Live) | SubString(ListItem.FileNameAndPath, plugin.video.metallik\\Live)]</visible>
				</item>
				<item library="context_playable.py">
					<label>$ADDON[plugin.video.metallik 30622]</label>
					<visible>!System.HasAddon(context.metallik) + !Skin.HasSetting(Contexting)</visible>
				</item>
			</menu>
		</menu>
	</extension>
	<extension point="xbmc.addon.metadata">
		<platform>all</platform>
		<language></language>
		<summary lang="en">TMDb, TVDb, Trakt, AudioDb and LastFM browser</summary>
		<description lang="en">Browse The MovieDb, The TVDb, Trakt, The AudioDb and LastFM and pass info along to library or an addon to try and play it. Needs player-files and the appropriate addon to actually play.</description>
		<summary lang="nl">Blader door TMDb, TVDb, Trakt, AudioDb en LastFM</summary>
		<description lang="nl">Blader door The MovieDb, The TVDb, Trakt, The AudioDb en LastFM en geef info door aan de bibliotheek of een addon om te proberen het af te spelen. Vereist player-bestanden en de bijbehorende addon om daadwerkelijk af te kunnen spelen.</description>
		<supportedcontent>
			<content>movies</content>
			<content>tvshows</content>
			<content>episodes</content>
			<content>musicvideos</content>
			<content>music</content>
			<content>livetv</content>
		</supportedcontent>
		<genre>movies,tv,music,livetv</genre>
		<!--<video_guide>yt-id</video_guide>
		<video_preview>yt-id</video_preview>-->
		<forum></forum>
		<source></source>
		<email></email>
		<news></news>
	</extension>
</addon>
